-- phpMyAdmin SQL Dump
-- version 5.2.1
-- https://www.phpmyadmin.net/
--
-- Máy chủ: 127.0.0.1
-- Thời gian đã tạo: Th10 09, 2025 lúc 07:08 AM
-- Phiên bản máy phục vụ: 10.4.32-MariaDB
-- Phiên bản PHP: 8.2.12

SET SQL_MODE = "NO_AUTO_VALUE_ON_ZERO";
START TRANSACTION;
SET time_zone = "+00:00";


/*!40101 SET @OLD_CHARACTER_SET_CLIENT=@@CHARACTER_SET_CLIENT */;
/*!40101 SET @OLD_CHARACTER_SET_RESULTS=@@CHARACTER_SET_RESULTS */;
/*!40101 SET @OLD_COLLATION_CONNECTION=@@COLLATION_CONNECTION */;
/*!40101 SET NAMES utf8mb4 */;

--
-- Cơ sở dữ liệu: `mvc_oop`
--

-- --------------------------------------------------------

--
-- Cấu trúc bảng cho bảng `categories`
--

CREATE TABLE `categories` (
  `id` int(11) NOT NULL,
  `name` varchar(255) NOT NULL,
  `description` text NOT NULL,
  `created_at` datetime NOT NULL,
  `updated_at` timestamp NOT NULL DEFAULT current_timestamp() ON UPDATE current_timestamp()
) ENGINE=InnoDB DEFAULT CHARSET=utf8 COLLATE=utf8_general_ci;

--
-- Đang đổ dữ liệu cho bảng `categories`
--

INSERT INTO `categories` (`id`, `name`, `description`, `created_at`, `updated_at`) VALUES
(1, 'Thời sự', 'Tin tức thời sự, chính trị, xã hội trong nước và quốc tế', '2025-10-23 22:08:09', '2025-10-23 15:08:09'),
(2, 'Thế giới', 'Các tin tức, sự kiện quốc tế nổi bật', '2025-10-23 22:08:09', '2025-10-23 15:08:09'),
(3, 'Kinh doanh', 'Thông tin kinh tế, tài chính, doanh nghiệp và thị trường', '2025-10-23 22:08:09', '2025-10-23 15:08:09'),
(4, 'Khoa học công nghệ', 'Tin tức, xu hướng, phát minh về khoa học và công nghệ', '2025-10-23 22:08:09', '2025-10-23 15:08:09'),
(5, 'Góc nhìn', 'Bài viết bình luận, phân tích, ý kiến chuyên gia', '2025-10-23 22:08:09', '2025-10-23 15:08:09'),
(6, 'Bất động sản', 'Tin tức về nhà đất, dự án, thị trường bất động sản', '2025-10-23 22:08:09', '2025-10-23 15:08:09'),
(7, 'Sức khỏe', 'Kiến thức, lời khuyên về sức khỏe, y học và đời sống', '2025-10-23 22:08:09', '2025-10-23 15:08:09'),
(8, 'Thể thao', 'Tin tức, kết quả, phân tích thể thao trong và ngoài nước', '2025-10-23 22:08:09', '2025-10-23 15:08:09'),
(9, 'Giải trí', 'Tin tức showbiz, phim ảnh, âm nhạc và người nổi tiếng', '2025-10-23 22:08:09', '2025-10-23 15:08:09'),
(10, 'Pháp luật', 'Thông tin, vụ án, chính sách, quy định pháp luật', '2025-10-23 22:08:09', '2025-10-23 15:08:09'),
(11, 'Giáo dục', 'Tin tức về học tập, tuyển sinh, đổi mới giáo dục', '2025-10-23 22:08:09', '2025-10-23 15:08:09'),
(12, 'Đời sống', 'Câu chuyện, phong cách sống, văn hóa, xã hội', '2025-10-23 22:08:09', '2025-10-23 15:08:09'),
(13, 'Xe', 'Tin tức, đánh giá, thị trường xe hơi, xe máy', '2025-10-23 22:08:09', '2025-10-23 15:08:09'),
(14, 'Du lịch', 'Điểm đến, kinh nghiệm, xu hướng du lịch trong và ngoài nước', '2025-10-23 22:08:09', '2025-10-23 15:08:09'),
(15, 'Khoa học', 'thay đổi', '2025-10-27 16:36:47', '2025-10-27 15:36:47');

-- --------------------------------------------------------

--
-- Cấu trúc bảng cho bảng `comments`
--

CREATE TABLE `comments` (
  `id` int(11) NOT NULL,
  `post_id` int(11) NOT NULL,
  `user_id` int(11) NOT NULL,
  `comment_body` text NOT NULL,
  `parent` int(11) NOT NULL,
  `added_date` varchar(255) NOT NULL,
  `update_date` timestamp NOT NULL DEFAULT current_timestamp() ON UPDATE current_timestamp()
) ENGINE=InnoDB DEFAULT CHARSET=utf8 COLLATE=utf8_general_ci;

--
-- Đang đổ dữ liệu cho bảng `comments`
--

INSERT INTO `comments` (`id`, `post_id`, `user_id`, `comment_body`, `parent`, `added_date`, `update_date`) VALUES
(88, 2, 128, 'HI', 0, 'October 24, 2025, 12:50 pm', '2025-10-24 09:50:15'),
(89, 2, 128, 'HI', 0, 'October 24, 2025, 12:50 pm', '2025-10-24 09:50:31'),
(90, 3, 124, 'xin chào', 0, 'November 5, 2025, 7:34 pm', '2025-11-05 17:34:35'),
(92, 8, 124, 'q', 0, 'November 6, 2025, 6:17 pm', '2025-11-06 17:17:35'),
(93, 20, 124, 'Hay thế', 0, 'November 9, 2025, 6:31 am', '2025-11-09 05:31:37');

-- --------------------------------------------------------

--
-- Cấu trúc bảng cho bảng `contact`
--

CREATE TABLE `contact` (
  `id` int(11) NOT NULL,
  `email` varchar(255) NOT NULL,
  `username` varchar(255) NOT NULL,
  `phone` int(11) NOT NULL,
  `subject` text NOT NULL,
  `created_at` datetime DEFAULT NULL,
  `updated_at` timestamp NOT NULL DEFAULT current_timestamp() ON UPDATE current_timestamp()
) ENGINE=InnoDB DEFAULT CHARSET=utf8 COLLATE=utf8_general_ci;

--
-- Đang đổ dữ liệu cho bảng `contact`
--

INSERT INTO `contact` (`id`, `email`, `username`, `phone`, `subject`, `created_at`, `updated_at`) VALUES
(29, 'admin1@gmail.com', 'nguyenvanA', 123456789, 'xin chào', '2025-11-09 06:52:48', '2025-11-09 05:52:48'),
(30, 'user1@gmail.com', 'Nguyễn Văn B', 123456789, 'Hay quá', '2025-11-09 06:55:34', '2025-11-09 05:55:34');

-- --------------------------------------------------------

--
-- Cấu trúc bảng cho bảng `logo`
--

CREATE TABLE `logo` (
  `id` int(11) NOT NULL,
  `title` text DEFAULT NULL,
  `img` varchar(255) NOT NULL,
  `created_at` datetime NOT NULL,
  `updated_at` timestamp NOT NULL DEFAULT current_timestamp() ON UPDATE current_timestamp()
) ENGINE=InnoDB DEFAULT CHARSET=utf8 COLLATE=utf8_general_ci;

--
-- Đang đổ dữ liệu cho bảng `logo`
--

INSERT INTO `logo` (`id`, `title`, `img`, `created_at`, `updated_at`) VALUES
(9, 'main logo', 'IMG-670560600.jpg', '2025-10-23 00:00:00', '2025-10-23 15:01:42');

-- --------------------------------------------------------

--
-- Cấu trúc bảng cho bảng `our_media`
--

CREATE TABLE `our_media` (
  `id` int(11) NOT NULL,
  `name` varchar(255) NOT NULL,
  `url` varchar(255) NOT NULL,
  `created_at` varchar(255) NOT NULL,
  `updated_at` timestamp NOT NULL DEFAULT current_timestamp() ON UPDATE current_timestamp()
) ENGINE=InnoDB DEFAULT CHARSET=utf8 COLLATE=utf8_general_ci;

--
-- Đang đổ dữ liệu cho bảng `our_media`
--

INSERT INTO `our_media` (`id`, `name`, `url`, `created_at`, `updated_at`) VALUES
(8, 'facebook', 'https://www.facebook.com', '2025-10-23', '2025-10-23 14:58:42'),
(10, 'instagram', 'https://www.instagram.com/', '2025-10-23', '2025-10-23 15:00:57'),
(15, 'youtube', 'https://www.youtube.com/', '2025-10-23', '2025-10-23 14:59:55'),
(16, 'github', 'https://github.com/', '2025-10-23', '2025-10-23 15:00:11');

-- --------------------------------------------------------

--
-- Cấu trúc bảng cho bảng `posts`
--

CREATE TABLE `posts` (
  `id` int(11) NOT NULL,
  `title` text NOT NULL,
  `content` text NOT NULL,
  `img` varchar(255) NOT NULL,
  `tags` text NOT NULL,
  `category_id` int(11) NOT NULL,
  `author_id` int(11) NOT NULL,
  `created_at` datetime NOT NULL,
  `updated_at` timestamp NOT NULL DEFAULT current_timestamp() ON UPDATE current_timestamp()
) ENGINE=InnoDB DEFAULT CHARSET=utf8 COLLATE=utf8_general_ci;

--
-- Đang đổ dữ liệu cho bảng `posts`
--

INSERT INTO `posts` (`id`, `title`, `content`, `img`, `tags`, `category_id`, `author_id`, `created_at`, `updated_at`) VALUES
(1, 'Nút giao gần 3.000 tỷ đồng ở Cần Giờ sắp triển khai', 'Nút giao cao tốc Bến Lức - Long Thành và đường Rừng Sác, huyện Cần Giờ (cũ) dự kiến triển khai với tổng vốn gần 3.000 tỷ đồng, góp phần hoàn thiện hạ tầng ở khu vực.Thông tin được các chuyên gia nêu tại tọa đàm ngày 23/10, khi đề cập đến các tuyến giao thông kết nối khu vực Cần Giờ. Đây cũng là trục giao thông quan trọng cho dự án Khu đô thị lấn biển Vinhomes Green Paradise rộng 2.870 ha đang triển khai.Theo đó, dự án nút giao cao tốc Bến Lức - Long Thành và đường Rừng Sác đã được Sở Xây dựng trình UBND TP HCM xem xét hôm 7/10. Công trình thiết kế theo dạng liên thông khác mức, gồm các nhánh cầu vượt và hầm chui; mặt đất xây đảo tròn cho xe rẽ đi các hướng. Sơ bộ tổng mức đầu tư dự án khoảng 2.969 tỷ đồng, được đề xuất sử dụng từ ngân sách thành phố. Công trình dự kiến khởi công quý 2/2026, hoàn thành năm 2028.Cao tốc Bến Lức - Long Thành dài gần 58 km, kết nối Long An (hiện là Tây Ninh), TP HCM và Đồng Nai, theo kế hoạch sẽ hoàn thành năm 2026. Trong khi đó, đường Rừng Sác là trục giao thông &#34;xương sống&#34; ở Cần Giờ, kết nối từ bến phà Bình Khánh đến Khu đô thị Vinhomes Green Paradise. Nút giao kết nối hai tuyến này khi xây hoàn chỉnh kỳ vọng tạo thuận lợi cho người dân đi lại cũng như phát huy hiệu quả đầu tư các công trình. Đặc biệt, dự án cũng tạo thuận lợi cho đường hàng không, sân bay quốc tế Long Thành khi vào hoạt động sẽ kết nối nhanh chóng với Cần Giờ thông qua Quốc lộ 51 và cao tốc Bến Lức - Long Thành.Cùng với nút giao trên, kết nối giao thông đến Cần Giờ còn một loạt dự án khác cũng đang được xúc tiến triển khai. Trong đó, Vingroup cho biết tuyến tàu điện dài hơn 48 km, kết nối từ quận 7 (cũ) đến Cần Giờ do doanh nghiệp đề xuất đầu tư sẽ có tốc độ lên đến 350 km/h, giúp rút ngắn thời gian di chuyển của đoạn đường này chỉ còn 12 phút.Bên cạnh đó, Vingroup mới đây cũng đề xuất triển khai dự án đường vượt biển nối Cần Giờ đến Vũng Tàu, thời gian di chuyển ước tính chỉ 10 phút, góp phần tăng kết nối giao thông, phát triển kinh tế, du lịch TP HCM sau khi mở rộng địa giới hành chính.Dự án quan trọng khác là cầu Cần Giờ dài 7,3 km, vượt sông Soài Rạp, dự kiến khởi công năm 2026 với 6 làn xe, được kỳ vọng góp phần hoàn thiện hạ tầng giao thông cho khu vực Cần Giờ. Bên cạnh đó, Vingroup đang hoàn tất các thủ tục để tài trợ thêm 3 phà loại 200 tấn nhằm tăng khả năng vận chuyển giảm tải cho phà Bình Khánh, đồng thời triển khai tuyến tàu thủy cao tốc từ Bến Bạch Đằng đến Cần Giờ để tăng kết nối giao thông đến khu vực này.Cần Giờ cách trung tâm TP HCM khoảng 50 km, diện tích hơn 70.000 ha, trong đó 35.000 ha rừng ngập mặn phòng hộ. Tại đây đang triển khai dự án siêu đô thị biển Vinhomes Green Paradise lớn nhất TP HCM với mục tiêu thu hút 40 triệu khách mỗi năm. Tuy nhiên, khu vực kết nối với trung tâm chủ yếu qua phà Bình Khánh, thường xuyên quá tải.', 'IMG-131868806.jpg', 'Tin tức', 1, 127, '2025-10-23 17:19:42', '2025-11-09 05:22:54'),
(2, 'Nam Phi coi Việt Nam là người bạn thân thiết ở châu Á', 'Tổng thống Ramaphosa cho biết Việt Nam là &#34;người bạn thân thiết, đối tác quan trọng&#34; của Nam Phi ở châu Á, mong muốn phát triển quan hệ song phương.Tại cuộc hội đàm với Tổng thống Matamela Cyril Ramaphosa ở Phủ Chủ tịch hôm nay, Chủ tịch nước Lương Cường khẳng định Việt Nam và Nam Phi có quan hệ gắn bó lịch sử xuất phát từ lý tưởng chung vì độc lập, tự do và tinh thần đoàn kết Á - Phi, theo Bộ Ngoại giao.Việt Nam luôn coi trọng quan hệ hữu nghị truyền thống với Nam Phi, người bạn thân thiết, đối tác châu Phi đầu tiên Việt Nam xác lập khuôn khổ quan hệ Đối tác vì hợp tác và phát triển năm 2004.Tổng thống Ramaphosa chia sẻ Việt Nam là người bạn thân thiết, đối tác quan trọng của Nam Phi tại khu vực châu Á. Ông cho biết chuyến thăm cấp nhà nước nhằm khẳng định quyết tâm của Nam Phi trong củng cố, phát triển quan hệ đối tác với Việt Nam trong chiến lược tăng cường mở rộng thị trường, khi đang diễn ra nhiều chuyển đổi sâu sắc ở Nam Phi và thế giới.Tổng thống Nam Phi ủng hộ và đánh giá cao Việt Nam đăng cai tổ chức Lễ mở ký Công ước của Liên Hợp Quốc về chống tội phạm mạng, hoan nghênh vai trò dẫn dắt của Việt Nam trong nỗ lực chuyển đổi số. Ông khẳng định Nam Phi sẵn sàng ủng hộ ứng cử của Việt Nam tại các tổ chức của LHQ.Chủ tịch nước và Tổng thống Cyril Ramaphosa thống nhất định hướng và phấn đấu hoàn tất các thủ tục để sớm nâng cấp quan hệ Việt Nam - Nam Phi lên Đối tác chiến lược trong năm 2025, đưa quan hệ song phương đi vào chiều sâu, vì lợi ích của nhân dân hai nước và hòa bình, phát triển ở khu vực lẫn thế giới.Hai lãnh đạo nhất trí làm sâu sắc hơn sự gần gũi và tin cậy chính trị, thúc đẩy quan hệ hợp tác thương mại, đầu tư để tạo chuyển biến trong hợp tác kinh tế tương xứng với quy mô và nhu cầu thị trường, bảo đảm cân bằng lợi ích đôi bên.Hai bên nhất trí tiếp tục thúc đẩy hợp tác trong các lĩnh vực quan trọng và nhiều tiềm năng như quốc phòng, an ninh, năng lượng, khai khoáng, công nghiệp chế tạo, nông nghiệp, gìn giữ hòa bình, giáo dục, đào tạo nghề, hạ tầng, kinh tế xanh.Việt Nam và Nam Phi khẳng định tiếp tục phối hợp, hợp tác và ủng hộ lẫn nhau tại các diễn đàn đa phương và trên những vấn đề quốc tế, khu vực, nhất trí thúc đẩy giải quyết tranh chấp bằng biện pháp hòa bình, không sử dụng hoặc đe dọa sử dụng vũ lực trên cơ sở tôn trọng pháp luật quốc tế và Hiến chương LHQ.Thủ tướng Phạm Minh Chính cùng ngày hội kiến Tổng thống Nam Phi tại trụ sở chính phủ. Hai lãnh đạo nhất trí sớm hoàn tất thủ tục nội bộ để nâng cấp quan hệ lên Đối tác Chiến lược trong năm 2025, đưa quan hệ Việt Nam - Nam Phi trở thành kiểu mẫu của hợp tác giữa các nước phương Nam.Thủ tướng cho rằng hai nước có những thế mạnh có thể bổ sung cho nhau cùng phát triển, dư địa và tiềm năng thúc đẩy hợp tác còn rất lớn, tiếp tục mở rộng hợp tác sang các lĩnh vực chuyển đổi xanh, chuyển đổi số, kinh tế sáng tạo, năng lượng tái tạo, truyền thông, chống biến đổi khí hậu.Thủ tướng cho biết Việt Nam sẵn sàng tham gia và đóng góp tích cực cho thành công của Hội nghị Thượng đỉnh G20 năm 2025, đặc biệt trong các lĩnh vực ưu tiên chung như giảm đói nghèo và bất bình đẳng, bảo đảm an ninh lương thực, thúc đẩy phát triển bền vững, đẩy mạnh quá trình cải tổ hệ thống quản trị toàn cầu.Tổng thống Cyril Ramaphosa khẳng định Việt Nam là bạn bè gần gũi, thân thiết, đối tác tin cậy của Nam Phi tại khu vực châu Á. Ông mong muốn hai bên tăng cường kết nối doanh nghiệp trong lĩnh vực khai khoáng, công nghiệp chế tạo, nông nghiệp, xe ô tô điện, đào tạo nhân lực chất lượng cao, hàng hải.Hai bên xác định hợp tác kinh tế, thương mại, đầu tư là trọng tâm của quan hệ song phương thời gian tới, nhất trí thúc đẩy mở cửa thị trường cho hàng hóa và sản phẩm của mỗi bên, tích cực đàm phán, sớm ký kết thêm các văn kiện hợp tác nhằm tạo thuận lợi cho nâng cao kim ngạch thương mại, hợp tác đầu tư.', 'IMG-54540544.jpg', 'Tin tức', 2, 127, '2025-10-23 17:24:28', '2025-11-09 05:22:54'),
(3, 'Các hãng dầu quốc doanh Trung Quốc ngừng mua dầu Nga', 'Các hãng dầu quốc doanh lớn của Trung Quốc đã dừng mua dầu Nga bằng đường biển, do lo ngại các lệnh trừng phạt.Ngày 23/10, Reuters trích nguồn tin thân cận cho biết các công ty Trung Quốc gồm PetroChina, Sinopec, CNOOC và Zhenhua Oil sẽ dừng mua nhiên liệu từ Nga trong ngắn hạn. Động thái này được đưa ra sau khi Mỹ áp lệnh trừng phạt hai công ty dầu lớn nhất Nga là Rosneft và Lukoil ngày 22/10.Các hãng lọc dầu Ấn Độ - khách mua dầu Nga nhiều nhất bằng đường biển, cũng được dự báo giảm mạnh nhập nhiên liệu này từ Moskva. Việc này nhằm tuân thủ các lệnh trừng phạt của Mỹ liên quan đến chiến sự Nga - Ukraine.Giới phân tích cho rằng nếu nhu cầu của hai khách hàng lớn nhất sụt giảm, nguồn thu từ dầu mỏ của Nga sẽ đi xuống. Việc này cũng buộc Trung Quốc và Ấn Độ - các nước mua dầu hàng đầu thế giới - tìm nguồn cung thay thế từ Trung Đông, châu Phi hoặc Mỹ Latin, từ đó đẩy giá toàn cầu lên cao.Trước khi Mỹ công bố lệnh trừng phạt, giá dầu ESPO (Nga) giao tháng 11 chỉ cao hơn dầu Brent 1 USD. Hồi đầu tháng 10, mức chênh là 1,7 USD.Trung Quốc hiện nhập khẩu 1,4 triệu thùng dầu Nga mỗi ngày bằng đường biển. Phần lớn cho các nhà máy lọc dầu tư nhân nhỏ.Trong khi đó, Vortexa Analytics cho biết các hãng dầu quốc doanh Trung Quốc mua khoảng 250.000 thùng một ngày trong 9 tháng đầu năm. Ước tính của Energy Aspects là 500.000 thùng.Nguồn tin khác cho biết Unipec - mảng kinh doanh của Sinopec đã dừng mua nhiên liệu của Nga từ tuần trước, sau khi Anh trừng phạt Rosneft và Lukoil, đội tàu bóng tối chuyên chở dầu Nga và các thực thể khác từ Trung Quốc.Rosneft và Lukoil bán phần lớn dầu cho Trung Quốc thông qua các công ty trung gian, thay vì giao dịch trực tiếp. Dù vậy, một số thương nhân cho biết các nhà máy lọc dầu tư nhân vẫn muốn tiếp tục mua dầu Nga.Tuy nhiên, ngoài đường biển, Trung Quốc còn nhập khoảng 900.000 thùng dầu Nga qua đường ống, toàn bộ của PetroChina. Giới buôn dầu cho rằng hoạt động này sẽ ít chịu ảnh hưởng từ các lệnh trừng phạt. ', 'IMG-2022754243.jpg', 'Tin tức', 3, 127, '2025-11-06 17:57:23', '2025-11-09 05:22:54'),
(4, 'Nhân sự Bộ Chính trị, Ban Bí thư khóa 14 phải có tầm nhìn, năng lực, sức bền', 'Trung ương thống nhất nhân sự tham gia Bộ Chính trị, Ban Bí thư khóa 14 phải có tầm nhìn chiến lược, uy tín, năng lực lãnh đạo quy mô quốc gia và sức bền để đáp ứng yêu cầu nhiệm kỳ mới.\r\n\r\nTheo thông báo Hội nghị Trung ương 14 khóa 13, trong hai ngày 5 và 6/11, Trung ương đã thảo luận, cho ý kiến về công tác chuẩn bị Đại hội 14 của Đảng; xây dựng Đảng và hệ thống chính trị; công tác cán bộ và một số nội dung quan trọng khác. Tổng Bí thư Tô Lâm phát biểu khai mạc và bế mạc hội nghị.\r\n\r\nTrung ương đánh giá nhiệm kỳ Đại hội 13 diễn ra trong bối cảnh nhiều khó khăn, thách thức cả trong nước và quốc tế. Tuy nhiên dưới sự lãnh đạo, chỉ đạo quyết liệt, đổi mới tư duy, tầm nhìn chiến lược và cách làm, đặc biệt từ tháng 8/2024 đến nay, Trung ương, Bộ Chính trị, Ban Bí thư và lãnh đạo chủ chốt đứng đầu là Tổng Bí thư Tô Lâm &#34;đã thể hiện tinh thần đoàn kết, thống nhất cao, bản lĩnh, gương mẫu, trí tuệ, bám sát đường lối, quy chế làm việc và tình hình thực tiễn, tổ chức thực hiện linh hoạt, sáng tạo, hiệu quả Nghị quyết Đại hội 13 của Đảng&#34;.\r\n\r\nNhiều kết quả quan trọng đạt được trên hầu hết các lĩnh vực; nhiều chủ trương lớn được thể chế hóa, điểm nghẽn được tháo gỡ, nhiều quyết sách mang tính đột phá được triển khai. Nổi bật nhất là mục tiêu phấn đấu tăng trưởng kinh tế năm 2025 trên 8% và hướng tới tăng trưởng hai con số trong những năm tiếp theo; cuộc cải cách lớn về sắp xếp, tinh gọn tổ chức bộ máy hệ thống chính trị, thực hiện mô hình chính quyền địa phương hai cấp; cùng với đột phá về khoa học công nghệ, đổi mới sáng tạo và chuyển đổi số. Việc kiểm tra, giám sát, đấu tranh phòng chống tham nhũng, lãng phí, tiêu cực được tăng cường.\r\n\r\nứng yêu cầu nhiệm kỳ mới.\r\n\r\nTheo thông báo Hội nghị Trung ương 14 khóa 13, trong hai ngày 5 và 6/11, Trung ương đã thảo luận, cho ý kiến về công tác chuẩn bị Đại hội 14 của Đảng; xây dựng Đảng và hệ thống chính trị; công tác cán bộ và một số nội dung quan trọng khác. Tổng Bí thư Tô Lâm phát biểu khai mạc và bế mạc hội nghị.\r\n\r\nTrung ương đánh giá nhiệm kỳ Đại hội 13 diễn ra trong bối cảnh nhiều khó khăn, thách thức cả trong nước và quốc tế. Tuy nhiên dưới sự lãnh đạo, chỉ đạo quyết liệt, đổi mới tư duy, tầm nhìn chiến lược và cách làm, đặc biệt từ tháng 8/2024 đến nay, Trung ương, Bộ Chính trị, Ban Bí thư và lãnh đạo chủ chốt đứng đầu là Tổng Bí thư Tô Lâm &#34;đã thể hiện tinh thần đoàn kết, thống nhất cao, bản lĩnh, gương mẫu, trí tuệ, bám sát đường lối, quy chế làm việc và tình hình thực tiễn, tổ chức thực hiện linh hoạt, sáng tạo, hiệu quả Nghị quyết Đại hội 13 của Đảng&#34;.\r\n\r\nNhiều kết quả quan trọng đạt được trên hầu hết các lĩnh vực; nhiều chủ trương lớn được thể chế hóa, điểm nghẽn được tháo gỡ, nhiều quyết sách mang tính đột phá được triển khai. Nổi bật nhất là mục tiêu phấn đấu tăng trưởng kinh tế năm 2025 trên 8% và hướng tới tăng trưởng hai con số trong những năm tiếp theo; cuộc cải cách lớn về sắp xếp, tinh gọn tổ chức bộ máy hệ thống chính trị, thực hiện mô hình chính quyền địa phương hai cấp; cùng với đột phá về khoa học công nghệ, đổi mới sáng tạo và chuyển đổi số. Việc kiểm tra, giám sát, đấu tranh phòng chống tham nhũng, lãng phí, tiêu cực được tăng cường.\r\n\r\nAdvertisement\r\n\r\nTuy nhiên, Trung ương thẳng thắn nhìn nhận một số hạn chế, khuyết điểm trong công tác lãnh đạo, chỉ đạo của nhiệm kỳ khóa 13 và chỉ rõ nguyên nhân, thảo luận kỹ lưỡng các phương hướng khắc phục. Bộ Chính trị được giao hoàn chỉnh dự thảo Báo cáo kiểm điểm sự lãnh đạo, chỉ đạo của Ban Chấp hành Trung ương Đảng khóa 13 để trình Đại hội đại biểu toàn quốc lần thứ 14 của Đảng.\r\n\r\nThông cáo cho biết tại Hội nghị, Trung ương đã thảo luận kỹ lưỡng, cho ý kiến thẳng thắn, xây dựng, tạo sự thống nhất về số lượng Ủy viên Bộ Chính trị, Ủy viên Ban Bí thư nhiệm kỳ Đại hội 14 và lựa chọn nhân sự giới thiệu tham gia hai cơ quan này, gồm tái cử và tham gia lần đầu. Trung ương xác định việc chuẩn bị nhân sự Bộ Chính trị, Ban Bí thư khóa 14 là công việc kế thừa, tiếp nối của công tác quy hoạch cán bộ, có ý nghĩa đặc biệt quan trọng, là &#34;cốt lõi của cốt lõi&#34;, liên quan trực tiếp đến thành công của Đại hội 14 và sự phát triển của đất nước trong giai đoạn mới.\r\n\r\nNhân sự giới thiệu tham gia Bộ Chính trị, Ban Bí thư khóa 14 được yêu cầu có tầm nhìn chiến lược quốc gia, có khả năng giữ tự chủ của đất nước; có năng lực lãnh đạo, chỉ huy ở quy mô quốc gia; có uy tín chính trị, liêm chính ở mức biểu tượng; có khả năng triển khai nghị quyết thành kết quả, thành quả đo đếm được; có đủ sức bền, cả về tinh thần và thể chất, để chịu được áp lực, cường độ công việc trong nhiệm kỳ 14 của Đảng và có thể là những nhiệm kỳ tiếp theo.\r\n\r\nTrên cơ sở đó, Trung ương thống nhất giới thiệu nhân sự tham gia Bộ Chính trị, Ban Bí thư khóa 14, gồm tái cử và tham gia lần đầu, để báo cáo Đại hội 14 và trình Hội nghị lần thứ nhất Ban Chấp hành Trung ương khóa 14 bầu cử theo quy định. Đồng thời, Trung ương thông qua danh sách Đoàn Chủ tịch, Đoàn Thư ký, Ban Thẩm tra tư cách đại biểu Đại hội 14 để trình Đại hội xem xét, quyết định.\r\n\r\nTrung ương nhận định, sau 8 năm thực hiện Nghị quyết 18, đặc biệt từ năm 2024 đến nay, công tác sắp xếp tổ chức bộ máy trong toàn hệ thống chính trị đạt nhiều kết quả quan trọng. Bộ máy từ Trung ương đến địa phương được tinh gọn hơn, rõ chức năng, rõ trách nhiệm, giảm tầng nấc trung gian; chuyển từ mô hình &#34;cồng kềnh - phân tán&#34; sang &#34;tinh gọn - liên thông - hiệu lực - hiệu quả&#34;; từ tư duy &#34;quản lý theo đầu mối hành chính&#34; sang &#34;quản trị theo chức năng - kết quả&#34;, nhất là khi triển khai mô hình chính quyền địa phương hai cấp và sắp xếp lại địa giới hành chính cấp tỉnh, cấp xã; đồng thời gắn tinh giản biên chế với nâng cao chất lượng đội ngũ cán bộ, công chức, viên chức.\r\n\r\nTrung ương khẳng định việc triển khai các bài học kinh nghiệm từ mô hình chính quyền địa phương hai cấp, liên thông ba cấp sẽ là đòn bẩy quan trọng giúp hệ thống chính trị tinh gọn, minh bạch, hiệu quả, đưa đất nước phát triển nhanh, bền vững, hướng tới mục tiêu hùng cường, thịnh vượng, nhân dân ấm no, hạnh phúc.\r\n\r\nTại hội nghị, Trung ương thống nhất để ông Nguyễn Duy Ngọc thôi tham gia Ủy ban Kiểm tra Trung ương và thôi giữ chức Chủ nhiệm Ủy ban này. Trước đó Bộ Chính trị đã chỉ định ông giữ chức Bí thư Thành ủy Hà Nội. Ông Trần Sỹ Thanh, Chủ tịch UBND TP Hà Nội, được bầu tham gia Ủy ban Kiểm tra Trung ương và giữ chức Chủ nhiệm Ủy ban.\r\n\r\nCũng tại hội nghị, Trung ương cho ý kiến nhân sự để Quốc hội bầu Phó chủ tịch thường trực Quốc hội và Chánh án Tòa án nhân dân Tối cao.', 'IMG-2141548041.jpg', '#ChinhTri,#VanHoa', 1, 127, '2025-11-06 17:56:57', '2025-11-09 05:22:54'),
(5, 'Trung ương bế mạc Hội nghị 14, thống nhất một số nội dung về nhân sự cấp cao', 'Hội nghị 14 Ban Chấp hành Trung ương khóa 13 bế mạc sáng 6/11 sau hai ngày làm việc, thống nhất số lượng nhân sự Bộ Chính trị, Ban Bí thư khóa 14 và một số nội dung liên quan nhân sự cấp cao của Đảng, Nhà nước.Phát biểu bế mạc, Tổng Bí thư Tô Lâm cho biết Hội nghị đã hoàn thành toàn bộ chương trình đề ra với sự thống nhất cao, chất lượng tốt. Thay mặt Bộ Chính trị, Ban Bí thư, Tổng Bí thư cảm ơn các Ủy viên Trung ương đã làm việc tận tâm, trách nhiệm, thẳng thắn, trung thực, thể hiện tinh thần cách mạng tấn công và trách nhiệm cao của người Ủy viên Trung ương Đảng.Sau hai ngày làm việc, Ban Chấp hành Trung ương đã quyết định nhiều nội dung quan trọng. Trong đó, Trung ương thống nhất: số lượng nhân sự Bộ Chính trị, Ban Bí thư khóa 14; nhân sự giới thiệu tham gia hai cơ quan lãnh đạo này, cùng một số nội dung liên quan nhân sự cấp cao của Đảng, Nhà nước và các vấn đề chuẩn bị tổ chức Đại hội 14 của Đảng.Theo Tổng Bí thư, Trung ương đã thảo luận dân chủ, kỹ lưỡng, nhất trí cao việc giới thiệu nhân sự tham gia Bộ Chính trị, Ban Bí thư khóa 14; giao Bộ Chính trị và Tiểu ban nhân sự Đại hội 14 tiếp tục xem xét, bổ sung, hoàn thiện phương án nhân sự theo đúng quy trình, để trình Ban Chấp hành Trung ương xem xét quyết định tại Hội nghị Trung ương 15.Trung ương cũng thống nhất cao các nội dung dự kiến Chương trình Đại hội, Quy chế làm việc, Quy chế bầu cử tại Đại hội và báo cáo công tác chuẩn bị Đại hội 14.Người đứng đầu Đảng cho biết Ban Chấp hành Trung ương đã xem xét, cho ý kiến về các báo cáo quan trọng. Đó là Báo cáo kiểm điểm sự lãnh đạo, chỉ đạo của Ban Chấp hành Trung ương khóa 13; Báo cáo tình hình thực hiện Quy chế làm việc của Trung ương, Bộ Chính trị, Ban Bí thư khóa 13; Báo cáo tổng kết hoạt động của Ủy ban Kiểm tra Trung ương khóa 13 và Báo cáo những công việc quan trọng Bộ Chính trị đã giải quyết từ sau Hội nghị Trung ương 13 đến nay.Trung ương giao Bộ Chính trị nghiên cứu, tiếp thu ý kiến, tiếp tục hoàn chỉnh các báo cáo tổng kết và bàn giao cho khóa 14 xem xét, bổ sung, hoàn thiện Quy chế làm việc của nhiệm kỳ tới.Ban Chấp hành Trung ương giao Bộ Chính trị chỉ đạo Tiểu ban Văn kiện và các cơ quan liên quan tiếp thu ý kiến đóng góp của các tổ chức chính trị và nhân dân để hoàn thiện thêm một bước dự thảo các văn kiện, từ đó tổng hợp, giải trình, hoàn thiện các bản dự thảo trình Hội nghị Trung ương 15 xem xét trước khi trình Đại hội 14.Tổng Bí thư nhấn mạnh Trung ương, Bộ Chính trị, Ban Bí thư và các lãnh đạo chủ chốt đã thể hiện tinh thần đoàn kết, bản lĩnh, trí tuệ, kiên định quan điểm, đường lối của Đảng, kịp thời đưa ra nhiều quyết sách đúng đắn, phù hợp, giải quyết hiệu quả các vấn đề về kinh tế - xã hội, quốc phòng, an ninh, đối ngoại, xây dựng Đảng và hệ thống chính trị.&#34;Ban Chấp hành Trung ương, Bộ Chính trị, Ban Bí thư đã lãnh đạo thực hiện đồng bộ, toàn diện công cuộc đổi mới, phát huy sức mạnh đại đoàn kết toàn dân tộc, hoàn thành cơ bản các mục tiêu Nghị quyết Đại hội 13, đạt nhiều thành tựu toàn diện, đột phá, tạo tiền đề phát triển cho các nhiệm kỳ tiếp theo&#34;, ông nói.Trong nhiệm kỳ 13, Bộ Chính trị đã ban hành 7 nghị quyết chiến lược gồm các Nghị quyết số 57, 59, 66, 68, 70, 71 và 72. Tổng Bí thư đánh giá đây là tiền đề và cơ sở chính trị, pháp lý đặc biệt quan trọng để thực hiện mục tiêu phát triển đất nước giai đoạn mới, hướng tới tăng trưởng kinh tế hai con số trong nhiều năm tới và hoàn thành hai mục tiêu 100 năm.Kết quả công việc là thước đo trình độ và phẩm chất cán bộBên cạnh kết quả đạt được, Tổng Bí thư nêu rõ công tác lãnh đạo, chỉ đạo của Ban Chấp hành Trung ương, Bộ Chính trị, Ban Bí thư nhiệm kỳ 13 còn một số hạn chế. Việc thể chế hóa, cụ thể hóa một số nghị quyết còn chậm; công tác quản lý nhà nước về kinh tế - xã hội, bảo đảm an ninh chính trị, trật tự an toàn xã hội, bảo vệ tài nguyên, môi trường còn bất cập; giải ngân vốn đầu tư công chưa đạt yêu cầu; đời sống một bộ phận nhân dân còn khó khăn; kỷ luật, kỷ cương có nơi chưa nghiêm.Nguyên nhân chủ yếu theo ông là do phương pháp, biện pháp lãnh đạo của một số cấp ủy, Ủy viên Trung ương trên một số lĩnh vực còn hạn chế, thiếu quyết liệt, chưa phát huy đầy đủ vai trò, tính năng động, sáng tạo, dám nghĩ, dám làm, dám chịu trách nhiệm.Tổng Bí thư khẳng định điểm sáng, đột phá nhất trong triển khai Nghị quyết 18 là việc tổ chức mô hình chính quyền địa phương hai cấp và sắp xếp lại địa giới hành chính cấp tỉnh, cấp xã, tạo không gian, tiềm năng và cơ hội phát triển mới cho đất nước. Sau 4 tháng vận hành, mô hình cho thấy kết quả tích cực, tăng tính kiến tạo, hiệu lực, hiệu quả phục vụ nhân dân, được người dân và doanh nghiệp ủng hộ, tin tưởng.Để phát huy kết quả bước đầu, Tổng Bí thư đề nghị các cấp ủy, chính quyền địa phương tiếp tục chăm lo, kiến tạo để mô hình hai cấp chính quyền hoạt động hiệu lực, hiệu quả; phân định rõ thẩm quyền giữa ba cấp, tránh chồng chéo hoặc bỏ trống nhiệm vụ; phân cấp đi đôi kiểm soát, chuyển mạnh sang hậu kiểm; tổ chức kiểm toán nội bộ tại cấp tỉnh và xã.Bên cạnh đó, việc phân bổ tài chính công cần theo kết quả và đặc thù từng địa phương; sớm xác định vị trí việc làm, thực hiện khoán sản phẩm, đào tạo bắt buộc về chuyên môn, quản trị dữ liệu; xây dựng cơ chế một cửa liên thông số, xóa bỏ cơ chế &#34;xin - cho&#34;, tăng trách nhiệm người đứng đầu; xây dựng dữ liệu dùng chung, kết nối dân cư, đất đai, an sinh, doanh nghiệp và cập nhật theo thời gian thực.Tổng Bí thư nhấn mạnh nguyên tắc xuyên suốt là &#34;địa phương quyết, địa phương làm, địa phương chịu trách nhiệm&#34;, &#34;rõ người, rõ việc, rõ thời hạn, rõ nguồn lực, rõ trách nhiệm&#34;, &#34;Trung ương làm gương, địa phương hưởng ứng&#34;, &#34;Vì nhân dân phục vụ&#34;, coi kết quả, sản phẩm công việc là thước đo cao nhất trình độ và phẩm chất cán bộ.Ông lưu ý thời gian từ nay đến Đại hội 14 không còn nhiều, trong khi khối lượng công việc lớn, yêu cầu các Ủy viên Trung ương nêu cao tinh thần trách nhiệm, tập trung lãnh đạo, chỉ đạo thực hiện tốt nhiệm vụ tại đơn vị, địa phương; hoàn thành các chỉ tiêu của Nghị quyết Đại hội 13, nhanh chóng triển khai kết luận Hội nghị 14, góp phần vào thành công của Đại hội 14.Tổng Bí thư cũng nhắc đến tình hình thiên tai, bão lũ diễn biến phức tạp, ảnh hưởng nghiêm trọng đến đời sống người dân và mục tiêu phát triển kinh tế - xã hội. Do bão số 13 có thể đổ bộ khu vực miền Trung - Tây Nguyên trong ngày 6/11, Hội nghị Trung ương 14 kết thúc sớm hơn dự kiến để các Ủy viên trở về địa phương chỉ đạo phòng chống bão lũ theo tinh thần &#34;Bảo vệ tính mạng, tài sản của nhân dân là trên hết, trước hết, tất cả vì nhân dân&#34;.&#34;Cần triển khai phương án 4 tại chỗ để cùng nhân dân ứng phó, khắc phục hậu quả của bão. Các Bộ Quốc phòng, Công an, Tài chính... chủ động hỗ trợ các địa phương bị ảnh hưởng thiên tai&#34;, Tổng Bí thư nói.', 'IMG-223202159.jpg', '#ChinhTri,#VanHoa', 1, 127, '2025-11-06 17:53:50', '2025-11-09 05:22:54'),
(6, '2 Thời sựChính trịThứ năm, 6/11/2025, 18:47 (GMT+7) &#39;Cần gỡ vướng chuyển giao công nghệ y tế để bệnh nhân không ra nước ngoài&#39;', 'Đại biểu Phạm Khánh Phong Lan cho rằng thủ tục thẩm định công nghệ rườm rà khiến bệnh viện khó tiếp cận thiết bị hiện đại, buộc nhiều bệnh nhân phải ra nước ngoài điều trị tốn kém.Chiều 6/11, tại phiên họp tổ góp ý dự án Luật Chuyển giao công nghệ, đại biểu Phạm Khánh Phong Lan (Giám đốc Sở An toàn thực phẩm TP HCM) nhận định một trong những rào cản lớn nhất của phát triển và ứng dụng công nghệ cao hiện nay là sự &#34;hành chính hóa&#34;. Khi công nghệ nước ngoài đưa vào Việt Nam, quy trình thẩm định, cấp phép kéo dài, trong khi số chuyên gia am hiểu sâu công nghệ để thẩm định rất ít khiến quy trình trở nên hình thức, không đảm bảo chất lượng mà lại tăng thêm thủ tục, kéo dài thời gian.Trong lĩnh vực y tế, bà dẫn chứng nhiều bệnh viện công muốn nhập thiết bị hiện đại đạt tiêu chuẩn quốc tế, nhưng khi hoàn tất thủ tục thì công nghệ đã lạc hậu. Bên cạnh đó, quy trình đấu thầu gây ách tắc, khi trang thiết bị về đến nơi thì hóa chất đi kèm lại phải đấu thầu theo giá thấp, dẫn đến tình trạng máy móc hiện đại bị &#34;đắp chiếu&#34; vì không tương thích với vật tư trúng thầu.Một số doanh nghiệp đã nhập thiết bị công nghệ cao đặt tại bệnh viện để cung cấp dịch vụ chất lượng cao với chi phí khoảng 20 triệu đồng mỗi ca, thấp hơn nhiều so với mức 200-300 triệu đồng khi bệnh nhân phải sang Singapore. Tuy nhiên, mô hình này lại bị xem xét do lo ngại giá cao, khiến máy bị trùm mền còn bệnh nhân tiếp tục ra nước ngoài điều trị. Theo bà Lan, đây là khoảng trống pháp lý trong việc bảo vệ các mô hình sử dụng công nghệ tiên tiến phục vụ lợi ích người dân.Bà cho rằng những bất cập trên khiến hệ thống công lập e ngại, &#34;thủ thế&#34;, không dám mua máy mới. Trong khi đó, bệnh viện tư nhân có cơ chế linh hoạt hơn nên sẵn sàng đầu tư khi có điều kiện. &#34;Nếu luật chỉ siết chặt mà thiếu cơ chế bảo vệ người làm thật, sẽ dẫn đến tâm lý chùn tay, sợ trách nhiệm, làm chậm tiến trình nâng cao chất lượng y tế công&#34;, bà nói.Đại biểu Nguyễn Tri Thức (Thứ trưởng Bộ Y tế) cho biết dự luật tập trung vào định nghĩa chủ sở hữu công nghệ và quyền chuyển giao công nghệ trong y tế. Tuy nhiên, ngành y vốn có truyền thống chia sẻ tri thức &#34;cầm tay chỉ việc&#34;, bác sĩ tuyến trên hỗ trợ tuyến dưới hay chuyên gia nước ngoài hướng dẫn kỹ thuật là chuyện bình thường. Nếu quy định cứng nhắc rằng mọi kỹ thuật, phác đồ đều phải xác định chủ sở hữu và trả phí thì &#34;sẽ kẹt cho ngành y&#34;, làm chậm quá trình lan tỏa tri thức.Ông đề nghị ban soạn thảo làm rõ quyền sở hữu công nghệ nhưng đồng thời bảo đảm không cản trở chuyển giao kỹ thuật nội ngành đang mang lại hiệu quả thiết thực. Cùng với đó, dự luật cần bổ sung cơ chế khuyến khích, hỗ trợ tiếp nhận và vận hành công nghệ cao trong y tế, vì hiện ưu đãi chủ yếu dành cho doanh nghiệp, trong khi bệnh viện công và viện nghiên cứu - những đơn vị then chốt trong ứng dụng công nghệ - chưa được đề cập đầy đủ.Về phát triển công nghệ trong nước, đại biểu Phạm Khánh Phong Lan nhấn mạnh nhiều đề tài nghiên cứu khoa học vẫn khó thương mại hóa, sản phẩm không được ứng dụng do thủ tục rườm rà. Bà đề nghị luật cần tạo cơ chế ngay từ đầu để lựa chọn đề tài có khả năng ứng dụng, đồng thời xây dựng lộ trình áp dụng công nghệ số, công nghệ cao trong quản lý và dịch vụ công, bao gồm y tế.Quốc hội sẽ thảo luận tại hội trường về dự án Luật Chuyển giao công nghệ vào ngày 21/11 và dự kiến thông qua ngày 10/12.', 'IMG-1156036583.jpg', '#ChinhTri,#VanHoa', 1, 127, '2025-11-06 17:59:03', '2025-11-09 05:22:54'),
(7, 'Chính phủ muốn ưu tiên quỹ đất sạch và trụ sở dôi dư để xây trường', 'Chính phủ đề xuất trao quyền cho UBND cấp tỉnh ưu tiên bố trí quỹ đất sạch, trụ sở công dôi dư cho phát triển giáo dục, thu hút đầu tư xây dựng trường lớp và cơ sở dạy nghề.Tối 5/11, ngay sau phiên làm việc của Quốc hội, Ủy ban Thường vụ Quốc hội họp cho ý kiến dự thảo Nghị quyết về chính sách đặc thù, đột phá phát triển giáo dục và đào tạo, trước khi trình Quốc hội tại kỳ họp thứ 10 đang diễn ra.Bộ trưởng Giáo dục và Đào tạo Nguyễn Kim Sơn cho biết dự thảo gồm 6 nhóm chính sách lớn, thể chế hóa quan điểm, mục tiêu của Nghị quyết 71 Bộ Chính trị về phát triển giáo dục và đào tạo. Văn bản này sẽ tạo hành lang pháp lý vượt trội để Chính phủ, các bộ, ngành và địa phương triển khai đồng bộ, quyết liệt ngay từ năm 2026.Theo dự thảo, HĐND cấp tỉnh được quyền quyết định bổ sung dự án giáo dục vào kế hoạch sử dụng đất, áp dụng thủ tục rút gọn. UBND cấp tỉnh có thẩm quyền ưu tiên bố trí quỹ đất sạch, trụ sở công dôi dư cho phát triển giáo dục, đồng thời được phép chuyển đổi linh hoạt mục đích sử dụng đất sang mục đích giáo dục và được miễn các điều kiện theo pháp luật đất đai. Cơ sở giáo dục trong nước được miễn, giảm tiền sử dụng đất, tiền thuê đất, thuế sử dụng đất.Các cơ sở giáo dục công lập, tư thục hoạt động không vì lợi nhuận được hưởng ưu đãi thuế thu nhập doanh nghiệp. Ngân sách nhà nước bảo đảm kinh phí chi thường xuyên và chi đầu tư cho giáo dục mầm non, phổ thông công lập, đặc biệt tại vùng khó khăn, không phụ thuộc vào mức độ tự chủ tài chính của đơn vị.Thẩm tra nội dung này, Ủy ban Văn hóa và Xã hội đề nghị làm rõ khái niệm &#34;đất sạch&#34;, &#34;quỹ đất sạch&#34; và cơ chế chuyển đổi linh hoạt mục đích sử dụng đất cho giáo dục. Chính phủ cần phân cấp rõ thẩm quyền, chủ thể thực hiện và quy trình rút gọn khi chuyển đổi. Ủy ban cũng đề nghị tích hợp các quy định liên quan đất đai vào dự thảo nghị quyết của Quốc hội đang được trình tại kỳ họp này nhằm tháo gỡ vướng mắc trong thi hành Luật Đất đai, đồng thời nghiên cứu chính sách cho phép cơ sở giáo dục tư thục thuê công trình thuộc sở hữu nhà nước.Chủ nhiệm Ủy ban Pháp luật và Tư pháp Hoàng Thanh Tùng đánh giá cao nội dung dự thảo nhưng đề nghị Chính phủ thuyết minh thêm về nguồn lực cho các cơ chế đặc thù như miễn phí sách giáo khoa, học một số môn hoặc hỗ trợ nghiên cứu sinh. &#34;Cần chuẩn bị, dự báo nguồn lực để nâng cao tính khả thi của Nghị quyết. Chính sách ban hành xong phải đo lường được hiệu quả, đánh giá được tác động như chỉ đạo của Tổng Bí thư&#34;, ông nói.Chủ tịch Quốc hội Trần Thanh Mẫn đánh giá việc ưu tiên trụ sở dôi dư cho giáo dục là phù hợp với chỉ đạo của Tổng Bí thư và Bộ Chính trị, theo thứ tự ưu tiên: giáo dục, y tế, sau đó là điểm sinh hoạt cộng đồng cho thanh thiếu niên và người cao tuổi. Ông đề nghị Chính phủ thiết kế Nghị quyết cô đọng, tập trung, chỉ giữ lại những cơ chế thật sự đặc thù, vượt trội để trình Quốc hội thông qua và triển khai thống nhất.Bên cạnh ưu đãi về đất đai, dự thảo bổ sung nhiều chính sách đặc thù khác như phân cấp cho Giám đốc Sở Giáo dục và Đào tạo quyền tuyển dụng, điều động, biệt phái nhà giáo, cán bộ quản lý, nhân viên trong các cơ sở giáo dục; Bộ Giáo dục và Đào tạo biên soạn bộ sách giáo khoa thống nhất dùng toàn quốc từ năm học 2026-2027 và phát miễn phí vào năm 2030.Dự thảo cũng đề xuất ưu tiên đầu tư hạ tầng số, nền tảng học số và cơ sở dữ liệu quốc gia về giáo dục; hình thành trung tâm đổi mới sáng tạo, quỹ khởi nghiệp, thương mại hóa kết quả nghiên cứu. Nhà nước miễn thuế thu nhập cá nhân 12 tháng đầu và giảm 50% trong 24 tháng tiếp theo cho chuyên gia, nhà khoa học nước ngoài đến làm việc tại các cơ sở giáo dục đại học; đồng thời triển khai chương trình học bổng trọng điểm quốc gia cho nghiên cứu sinh tiến sĩ gắn với nhiệm vụ khoa học và công nghệ ưu tiên.Chính phủ dự kiến trình Quốc hội dự thảo Nghị quyết này ngày 11/11 và thảo luận tại hội trường vào ngày 20/11 - Ngày Nhà giáo Việt Nam.', 'IMG-25146217.jpg', '#ChinhTri,#VanHoa', 1, 127, '2025-11-06 18:00:30', '2025-11-09 05:22:54'),
(8, 'Đề xuất tận dụng trụ sở dôi dư làm thư viện mini kết hợp không gian đa chức năng', 'Đại biểu Nguyễn Văn Cảnh đề xuất chuyển một số trụ sở dôi dư sau sắp xếp hành chính thành thư viện mini kết hợp không gian phục vụ cộng đồng với trạm sạc, khu giải khát và nơi gửi xe thông minh.Phát biểu tại phiên thảo luận về kinh tế xã hội sáng 18/6, đại biểu Nguyễn Văn Cảnh (Giám đốc Khu du lịch Cửa Biển) cho rằng sau quá trình bỏ cấp huyện, sáp nhập tỉnh, xã, cả nước sẽ có nhiều trụ sở hành chính dôi dư. Ông đồng tình với quan điểm của Chính phủ trong việc tái sử dụng các cơ sở công cho các mục đích phục vụ cộng đồng như giáo dục, y tế, công viên, thiết chế văn hóa - thể thao và đặc biệt là thư viện.Nhu cầu đọc sách của người dân vẫn hiện hữu, song nhiều người không có quỹ thời gian cố định cho việc này. Vì vậy, ông đề xuất chuyển một số trụ sở cũ thành thư viện mini, kết hợp không gian nghỉ ngơi, giải khát, bãi đỗ xe công cộng và trạm sạc phương tiện xanh để người dân có thể tranh thủ đọc sách trong lúc chờ xe sạc điện.Mang theo bảng minh họa cho mô hình thư viện mini tích hợp trong không gian đô thị, ông Cảnh cho rằng thời điểm này phù hợp để dành một phần trụ sở dôi dư xây dựng các không gian cộng đồng kiểu mới, tích hợp đa chức năng, vừa thân thiện với người dân, vừa hỗ trợ phát triển đô thị thông minh.Đại biểu Cảnh cho rằng mô hình này có thể triển khai tại các trung tâm xã mới sau sáp nhập, vừa tiết kiệm đất công, vừa tạo không gian học tập, thư giãn, tiếp cận tri thức cho người dân. Mô hình có thể xã hội hóa theo hướng Nhà nước cho thuê đất với mức ưu đãi để phát triển các thư viện cộng đồng gắn với tiện ích đô thị nhằm nâng cao hiệu quả sử dụng quỹ đất công, ưu tiên cho các hoạt động thiết yếu thay vì cho thuê làm dịch vụ đơn thuần.Đại biểu Nguyễn Quốc Luận (Phó đoàn đại biểu Quốc hội tỉnh Yên Bái) cho biết đến hết tháng 12/2024, cả nước vẫn còn 62.700 cơ sở chưa được phê duyệt phương án sắp xếp lại, xử lý theo quy định. Kết quả sắp xếp, xử lý nhà đất, tài sản công của các bộ, ngành, địa phương và doanh nghiệp nhà nước còn hạn chế.Trong thời gian tới, khi triển khai sắp xếp, sáp nhập đơn vị hành chính cấp tỉnh, cấp xã và bỏ cấp huyện, ông lo ngại số lượng trụ sở, tài sản công dôi dư sẽ còn tăng mạnh, gây thêm áp lực lên hệ thống quản lý.Đại biểu Luận đề nghị Chính phủ và các bộ, ngành, địa phương tiếp tục chỉ đạo quyết liệt việc rà soát, phân loại, sắp xếp lại các cơ sở dôi dư; đồng thời đơn giản hóa thủ tục, sửa đổi văn bản hướng dẫn và phân cấp mạnh hơn cho địa phương để xử lý hiệu quả.Các tài sản thuộc bộ, ngành trung ương, tập đoàn, tổng công ty không còn nhu cầu sử dụng hoặc hiệu quả thấp, ông kiến nghị bàn giao cho địa phương quản lý, sử dụng nhằm tận dụng tối đa nguồn lực công, tránh thất thoát, lãng phí.Đại biểu Đặng Bích Ngọc (Phó đoàn đại biểu Quốc hội tỉnh Hòa Bình) cũng bày tỏ lo ngại khi nhiều trụ sở dôi dư bị bỏ hoang, không bảo quản, dẫn đến xuống cấp nghiêm trọng. &#34;Những hình ảnh này gây bất bình trong xã hội, nhất là với những trụ sở bỏ không nằm ngay trung tâm các thành phố lớn&#34;, bà nói.Bà Ngọc nhấn mạnh từ 1/7/2025, chính quyền địa phương hai cấp sẽ đi vào hoạt động, đặt ra yêu cầu cao hơn về phòng, chống tham nhũng, lãng phí, trong đó việc quản lý tài sản công phải được thực hiện toàn diện, cụ thể.Vì vậy, bà đề nghị Bộ Tài chính tiếp tục tham mưu cho Chính phủ tổng rà soát, số hóa toàn bộ tài sản công từ trung ương đến địa phương, đồng thời hoàn thiện thể chế pháp lý để hướng dẫn việc phân loại, chuyển đổi, đấu giá và xử lý tài sản dôi dư hiệu quả, minh bạch.Lập đoàn khảo sát hỗ trợ địa phương sử dụng tài sản dôi dưGiải trình tại phiên thảo luận, Bộ trưởng Tài chính Nguyễn Văn Thắng cho biết Bộ đã báo cáo Chính phủ và Quốc hội về việc sửa đổi Luật Quản lý, sử dụng tài sản công; đồng thời ban hành, bổ sung nhiều nghị định, quyết định, công điện nhằm phân định rõ thẩm quyền của chính quyền địa phương trong quản lý, sử dụng tài sản công, bao gồm cả tiêu chuẩn, định mức với trụ sở làm việc, ôtô, máy móc thiết bị.&#34;Thể chế đã đầy đủ, Bộ Tài chính đang thành lập đoàn khảo sát để hỗ trợ các địa phương sau hợp nhất xây dựng phương án sử dụng tài sản dôi dư một cách hợp lý, hiệu quả&#34;, ông Thắng nói.Bộ trưởng cũng đề nghị các địa phương bám sát chỉ đạo của Tổng Bí thư, ưu tiên sử dụng tài sản dôi dư phục vụ các lĩnh vực thiết yếu như giáo dục, đào tạo và y tế. Những trụ sở còn lại phải &#34;dứt khoát đưa vào quy hoạch để khai thác&#34;.Đồng thời, ông kêu gọi các đoàn đại biểu Quốc hội cùng Chính phủ tăng cường giám sát việc quản lý, sử dụng tài sản công, đảm bảo không để thất thoát, lãng phí và nâng cao hiệu quả khai thác.Theo Nghị quyết của Quốc hội, từ 1/7 cả nước còn lại 34 tỉnh, thành phố (gồm 6 thành phố trực thuộc trung ương và 28 tỉnh) sau sắp xếp đơn vị hành chính cấp tỉnh. Bộ máy chính quyền cấp tỉnh và cấp xã theo mô hình mới cũng sẽ chính thức vận hành từ thời điểm này.Trước đó ngày 15/6, Bộ Tài chính đã có văn bản yêu cầu các bộ, ngành, địa phương xác định rõ nhu cầu sử dụng trụ sở làm việc phù hợp với mô hình mới; đồng thời hoàn tất rà soát, xử lý dứt điểm các trụ sở, nhà đất dôi dư trước ngày 20/6. Trường hợp không có phương án xử lý cụ thể sẽ bị xem xét truy trách nhiệm.Với những trường hợp đã có thỏa thuận hoán đổi hoặc điều chuyển trụ sở làm việc để phù hợp với mô hình chính quyền hai cấp, Bộ Tài chính cho biết có thể tạm bàn giao để sử dụng ngay, đồng thời hoàn tất thủ tục điều chuyển trong 30 ngày kể từ ngày bàn giao. Các loại tài sản khác như ôtô, trang thiết bị... nếu không còn sử dụng cũng cần được báo cáo cụ thể với cơ quan quản lý.&nbsp;', 'IMG-945128195.jpg', '#ChinhTri,#VanHoa', 1, 127, '2025-11-06 18:13:07', '2025-11-09 05:22:54'),
(9, 'Cướp biển nã súng chống tăng, đổ bộ tàu dầu gần Somalia', 'Tàu dầu Hellas Aphrodite bị nhóm cướp biển tấn công bằng súng máy và súng chống tăng khi đang di chuyển ngoài khơi Somalia.Công ty vận tải hàng hải Hy Lạp Latsco hôm nay thông báo tàu dầu Hellas Aphrodite, treo cờ Malta, bị tấn công ngoài khơi Somalia khi đang trong hành trình từ Ấn Độ đến Nam Phi. Nhóm cướp biển tiếp cận bằng xuồng cao tốc, khai hỏa súng máy và súng chống tăng trước khi đổ bộ lên tàu.Công ty tư vấn an ninh hàng hải Ambrey cho biết nhóm cướp biển xuất phát từ một tàu cá treo cờ Iran, dường như bị chiếm gần đây và sử dụng làm &#34;tàu mẹ&#34; để tiến hành các vụ cướp.24 thành viên thủy thủ đoàn sơ tán đến &#34;phòng an toàn&#34;, khu vực được gia cố đặc biệt để đối phó những cuộc tấn công. Tuy nhiên, tàu không có lực lượng an ninh vũ trang đi kèm. &#34;Toàn bộ 24 thuyền viên đều an toàn, chúng tôi vẫn giữ liên lạc thường xuyên&#34;, Latsco cho biết.Công ty Hy Lạp đang phối hợp với lực lượng nhiều nước để bảo vệ tàu và thủy thủ đoàn, nhưng không công bố liệu nhóm cướp biển đã rút khỏi tàu Hellas Aphrodite hay chưa. Chiến dịch Atalanta, gồm các tàu hải quân châu Âu làm nhiệm vụ chống cướp biển ở vùng Sừng châu Phi, thông báo &#34;một đơn vị đang ở gần hiện trường và sẵn sàng hành động nếu cần thiết&#34;.Lực lượng hải quân thuộc Liên minh châu Âu (EU) trước đó cũng triển khai một tàu chiến đến khu vực để đảm bảo an ninh, sau khi phát hiện cướp biển di chuyển giữa các vùng biển Somalia.Nạn cướp biển Somalia từng leo thang nghiêm trọng vào năm 2011 với 237 vụ tấn công, gây thiệt hại khoảng 7 tỷ USD cho kinh tế toàn cầu.Những vụ cướp đang có dấu hiệu tăng trở lại, sau nhiều năm giảm mạnh nhờ các chiến dịch tuần tra quốc tế và chính quyền Somalia được củng cố. Trong năm 2024, có 7 vụ tấn công được ghi nhận ngoài khơi Somalia.Giới chuyên gia cho rằng tình hình bất ổn do lực lượng Houthi ở Yemen tấn công tàu hàng đi qua Biển Đỏ đã khiến các tuyến vận tải biển phải chuyển hướng qua khu vực ngoài khơi Somalia, tạo điều kiện cho cướp biển hoạt động trở lại.', 'IMG-597693758.jpg', '#TheGioi', 2, 127, '2025-11-06 18:15:02', '2025-11-09 05:22:54'),
(10, 'Mỹ có thể sắp triển khai lực lượng đến thủ đô Syria', 'Mỹ dường như đang chuẩn bị hiện diện quân sự tại căn cứ không quân Damascus, nằm trong kế hoạch thúc đẩy thỏa thuận hòa bình Syria - Israel.Reuters hôm nay dẫn lời 6 nguồn tin giấu tên, gồm các quan chức phương Tây và một quan chức Syria, nói rằng Mỹ đang chuẩn bị &#34;thiết lập hiện diện quân sự tại một căn cứ không quân ở thủ đô Damascus&#34;.Các nguồn tin mô tả lực lượng Mỹ tại Damascus sẽ giữ vai trò giám sát thực thi thỏa thuận giữa Syria và Israel, trong trường hợp Washington thúc đẩy đàm phán thành công và các bên đạt được thống nhất. Căn cứ nằm ở cửa ngõ phía nam thủ đô của Syria, khu vực dự kiến trở thành vùng phi quân sự trong khuôn khổ thỏa thuận do chính quyền Tổng thống Trump bảo trợ.Thông tin xuất hiện khoảng 4 ngày trước khi Tổng thống Syria Ahmed al-Sharaa đến Mỹ gặp Tổng thống Donald Trump, đánh dấu lần đầu một lãnh đạo Syria tới Nhà Trắng.Một quan chức Lầu Năm Góc từ chối bình luận cụ thể, chỉ cho biết Mỹ &#34;liên tục đánh giá mức độ hiện diện cần thiết để đối phó tổ chức Nhà nước Hồi giáo (IS)&#34;. Người này không tiết lộ vị trí các lực lượng Mỹ đang triển khai ở Syria vì &#34;lý do an ninh&#34;.Trong khi đó, một sĩ quan quân sự phương Tây nói rằng kế hoạch đã được quân đội Mỹ đẩy nhanh trong hai tháng qua, sau nhiều chuyến thị sát và kiểm tra nhằm xác định đường băng của căn cứ ở Damascus &#34;đủ điều kiện sử dụng ngay hay không&#34;.Hai nguồn tin quân sự Syria cho hay các cuộc đàm phán đang tập trung vào cách Washington sử dụng căn cứ cho hoạt động hậu cần, giám sát, tiếp liệu và cứu trợ nhân đạo, trong khi Damascus &#34;vẫn giữ vững chủ quyền&#34;. Một quan chức quốc phòng Syria xác nhận Mỹ đã điều vận tải cơ C-130 đến kiểm tra khả năng hoạt động của đường băng.Một nguồn thạo tin về quá trình đàm phán cho biết phương án sử dụng căn cứ Damascus đã được thảo luận trong chuyến thăm của tướng Brad Cooper, lãnh đạo Bộ tư lệnh Trung tâm (CENTCOM) thuộc quân đội Mỹ, đến Syria tháng 9. Washington dường như đang hối thúc Damascus ký thỏa thuận an ninh với Tel Aviv trước cuối năm nay.Động thái này tương đồng với hai nhiệm vụ mới của quân đội Mỹ trong khu vực nhằm giám sát các thỏa thuận ngừng bắn, gồm một căn cứ ở Lebanon để theo dõi lệnh ngừng bắn Hezbollah - Israel, và một căn cứ ở Israel giám sát thỏa thuận ngừng bắn với Hamas.Mỹ vẫn duy trì lực lượng tại đông bắc Syria để hỗ trợ dân quân người Kurd chống IS, song đã giảm nửa quân số xuống còn khoảng 1.000 người. Washington hồi tháng 6 tuyên bố đóng cửa 5 căn cứ ở Deir ez-Zor và Hasakah, một phần binh sĩ rút qua Iraq và số còn lại tập kết về 3 căn cứ chính ở mỏ dầu Omar, Shaddadi và Kasrek.', 'IMG-1298117129.jpg', '#TheGioi', 2, 127, '2025-11-06 18:21:46', '2025-11-09 05:22:54'),
(11, 'Ông Netanyahu: Chiến thắng trước Hezbollah đã mở cửa hòa bình', 'Thủ tướng Netanyahu tuyên bố chiến dịch chống lại Hezbollah năm ngoái đã tạo cơ hội cho hòa bình giữa Israel với Lebanon và Syria.&#34;Những chiến thắng của chúng ta ở Lebanon trước Hezbollah đã mở ra khả năng chưa từng được nghĩ tới trước đây, đó là cơ hội hòa bình với những láng giềng phía bắc&#34;, Thủ tướng Israel Benjamin Netanyahu phát biểu tại phiên họp nội các hôm nay.Ông bổ sung rằng Israel đang tiến hành các cuộc tiếp xúc với Syria và đã đạt được một số tiến triển, nhưng lưu ý những thỏa thuận hòa bình với quốc gia láng giềng &#34;vẫn chỉ là viễn cảnh tương lai&#34;.Giới chức Syria và Lebanon chưa bình luận về thông tin.Lực lượng Phòng vệ Israel (IDF) đã tiến hành nhiều cuộc không kích nhằm vào lãnh thổ Syria kể từ khi chính quyền tổng thống Bashar al-Assad sụp đổ vào tháng 12/2024. Họ đang kiểm soát phần lớn khu vực phi quân sự ở phía Syria, vốn do Liên Hợp Quốc tuần tra. Lực lượng Israel cũng nhiều lần đưa bộ binh vào phía nam Syria để tiến hành các chiến dịch phá hủy kho vũ khí.Tổng thống Syria Ahmed al-Sharaa hôm 17/9 cho biết nước này đang đàm phán với Israel nhằm đạt hiệp ước an ninh và có thể sớm đem lại kết quả &#34;trong những ngày tới&#34;. Ông nhấn mạnh thỏa thuận này là &#34;cấp thiết&#34; đối với Damascus, trong đó có các điều kiện về tôn trọng không phận, toàn vẹn lãnh thổ Syria và được Liên Hiệp Quốc giám sát.Thủ tướng Netanyahu hồi tháng 8 tuyên bố Israel sẵn sàng giảm dần hiện diện quân sự ở miền nam Lebanon nếu nước láng giềng thực hiện cam kết giải giáp tổ chức Hezbollah, nhằm &#34;hướng tới tương lai an ninh và ổn định hơn cho cả hai quốc gia&#34;.Từ khi giao tranh giữa Israel và Hezbollah kết thúc hồi tháng 11/2024 bằng lệnh ngừng bắn do Mỹ làm trung gian, nhóm vũ trang Lebanon nhiều lần tuyên bố sẽ không thảo luận về giải trừ vũ khí nếu Israel không rút quân trước và chấm dứt các cuộc không kích diễn ra gần như hàng ngày.', 'IMG-483013819.jpg', '#TheGioi', 2, 127, '2025-11-06 18:28:50', '2025-11-09 05:22:54'),
(12, 'Hamas đăng &#39;ảnh vĩnh biệt&#39; các con tin Israel ở Gaza', 'Hamas đăng chân dung các con tin mà nhóm đang giữ, cảnh báo đây là hình ảnh cuối cùng của họ nếu Israel tiếp tục chiến dịch tấn công Gaza City.Hamas ngày 20/9 chia sẻ bức ảnh chân dung 47 con tin Israel mà nhóm đang giam tại Dải Gaza, gọi đây là &#34;ảnh vĩnh biệt&#34;. Trong bức ảnh, mỗi con tin đều được dán nhãn là &#34;Ron Arad&#34; và đánh số từ 01 đến 47.Ron Arad là hoa tiêu không quân Israel bị bắt làm tù binh vào năm 1986 sau khi máy bay của ông rơi ở miền nam Lebanon. Số phận Ron Arad đến nay vẫn là điều bí ẩn, dù ông được coi là đã chết. Sự việc xảy ra với Ron Arad từng trở thành vấn đề quốc gia đối với Israel trong nhiều thập kỷ.Việc Hamas sử dụng tên ông để dán nhãn cho các con tin được coi là một thông điệp đe dọa, ám chỉ rằng số phận của những con tin này sẽ mãi là điều bí ẩn, giống như Ron Arad.Thông điệp trên bức ảnh cáo buộc Thủ tướng Israel Benjamin Netanyahu từ chối thỏa thuận ngừng bắn và trao đổi con tin, đồng thời chỉ trích Tổng tham mưu trưởng Lực lượng Phòng vệ Israel (IDF) Eyal Zamir vì vẫn tiếp tục phát động tấn công Gaza dù ông phản đối chiến dịch này.&#34;Do sự ngoan cố của Thủ tướng Netanyahu và sự khuất phục của trung tướng Zamir, một bức ảnh vĩnh biệt đã được chụp khi chiến dịch ở Gaza City bắt đầu&#34;, Hamas viết.Tuyên bố từ Lữ đoàn al-Qassam, cánh vũ trang của Hamas, cảnh báo các con tin &#34;đang được phân tán trong những khu dân cư ở Gaza City và chúng tôi sẽ không quan tâm đến tính mạng của họ chừng nào Thủ tướng Netanyahu còn quyết định giết chết họ&#34;.&#34;Mở màn và thúc đẩy chiến dịch tội ác này cũng đồng nghĩa với việc các người sẽ không nhận được bất kỳ con tin nào, dù còn sống hay chết, và số phận của họ sẽ giống như Ron Arad&#34;, tuyên bố nhấn mạnh.Trong thời gian ngừng bắn tháng từ tháng một đến tháng 3/2024, Hamas đã thả 30 con tin, gồm 20 dân thường Israel, 5 binh sĩ cùng 5 công dân Thái Lan. Họ cũng trao trả thi thể 8 tù nhân Israel thiệt mạng. Hồi tháng 5, Hamas tiếp tục thả một con tin mang hai quốc tịch Mỹ - Israel nhằm thể hiện &#34;thiện chí&#34; đối với Washington. Đổi lại, Israel thả 2.000 tù nhân Palestine bị giam tại nước này.Tuy nhiên, hoạt động trao đổi con tin đình trệ kể từ đó, khi hai bên không thống nhất được thỏa thuận ngừng bắn. Israel hôm 16/9 phát động chiến dịch trên bộ vào Gaza City, sau nhiều tuần không kích dữ dội thành phố, với mục tiêu &#34;xóa sổ&#34; Hamas.Hàng trăm nghìn người dân đã phải sơ tán khỏi khu vực, trong khi các gia đình con tin Israel kêu gọi chính phủ ngừng cuộc tấn công, cảnh báo nó tiềm ẩn nguy cơ gây nguy hiểm đến tính mạng những người đang bị giam ở Gaza.', 'IMG-246480781.jpg', '#TheGioi', 2, 127, '2025-11-06 18:24:28', '2025-11-09 05:22:54'),
(13, 'Israel cảnh báo tung &#39;sức mạnh chưa từng có&#39; ở Gaza City', 'Quân đội Israel tuyên bố sẽ thực hiện chiến dịch tại Gaza City với &#34;sức mạnh chưa từng có&#34;, yêu cầu người dân nhanh chóng sơ tán.&#34;Hãy tận dụng cơ hội hiện nay, hãy lên đường cùng với hàng trăm nghìn cư dân thành phố đã di chuyển về phía nam đến khu vực nhân đạo&#34;, người phát ngôn quân đội Israel Avichay Adraee hôm nay đăng trên mạng xã hội X.IDF kêu gọi người dân Palestine đi đến &#34;khu vực nhân đạo&#34; ở thành phố ven biển phía nam Al-Mawasi, nơi họ cho biết sẽ cung cấp viện trợ, chăm sóc y tế và cơ sở hạ tầng hỗ trợ người sơ tán. Adraee cho hay tuyến duy nhất để đi về phía nam là qua đường ven biển Al-Rashid.&#34;Lực lượng Phòng vệ Israel (IDF) sẽ tiếp tục hoạt động với sức mạnh chưa từng có chống lại Hamas cùng các nhóm vũ trang khác&#34;, ông Adraee nói, đề cập đến chiến dịch tấn công Gaza City.Israel phát động chiến dịch tấn công trên bộ lớn vào Gaza City, miền bắc Dải Gaza, từ 16/9. Chiến dịch diễn ra trước khi một số quốc gia phương Tây, trong đó có Pháp và Anh, dự kiến công nhận Nhà nước Palestine vào tuần tới tại hội nghị Liên Hợp Quốc.IDF liên tục kêu gọi người dân trong khu vực sơ tán về phía nam. Tuy nhiên, nhiều người cho biết hành trình này quá tốn kém và họ cũng không biết phải đi đâu để được an toàn.Liên Hợp Quốc tháng trước ước tính khoảng một triệu người đang sống ở Gaza City và các khu vực lân cận. Quân đội Israel ngày 19/9 ước tính khoảng 480.000 người đã sơ tán khỏi thành phố kể từ cuối tháng trước.Nivin Ahmed, 50 tuổi, đã chạy khỏi Gaza City về phía nam đến thành phố Deir el-Balah hôm 18/9 cùng 7 thành viên gia đình.&#34;Chúng tôi đã đi bộ hơn 15 km, chúng tôi thậm chí phải bò vì không còn chút sức lực nào&#34;, bà kể. &#34;Con trai út của tôi đã khóc vì kiệt sức. Chúng tôi thay nhau kéo một chiếc xe đẩy nhỏ đựng đồ đạc cá nhân&#34;.Mona Abdel Karim, 36 tuổi, cho hay cô không thể tìm được phương tiện di chuyển về phía nam và đã ngủ cùng gia đình trên đường Al-Rashid trong hai đêm để chờ tài xế. &#34;Tôi cảm thấy như mình sắp nổ tung. Chúng tôi không thể đi bộ, bố mẹ chồng tôi đã già và ốm yếu, còn bọn trẻ thì còn quá nhỏ&#34;, cô nói.Video quay con đường Al-Rashid hôm 18/9 cho thấy hàng dài người nối đuôi nhau, chen chúc đi bộ hoặc trên các phương tiện chở đầy đồ đạc tiến về phía nam.Ở phía tây Gaza City, Sami Baroud, 35 tuổi, cho biết những cuộc pháo kích dữ dội không ngừng diễn ra. &#34;Cuộc sống của chúng tôi giờ đây không còn gì khác ngoài các vụ nổ và hiểm nguy&#34;, anh nói. &#34;Chúng tôi đã mất tất cả, cuộc sống, tương lai, cảm giác an toàn. Làm sao tôi có thể sơ tán khi thậm chí không đủ tiền đi lại?&#34;.Chiến dịch tấn công Gaza City được quân đội Israel triển khai trong bối cảnh một cuộc điều tra của Liên Hợp Quốc cáo buộc Tel Aviv phạm tội &#34;diệt chủng&#34; ở Dải Gaza, nói rằng Thủ tướng Benjamin Netanyahu và các quan chức cấp cao khác đã kích động tội ác này. Israel bác bỏ cáo buộc và chỉ trích cuộc điều tra đưa ra những thông tin &#34;sai sự thật&#34;.Mỹ hôm 18/9 tiếp tục phủ quyết một nghị quyết của Hội đồng Bảo an Liên Hợp Quốc kêu gọi ngừng bắn ở Gaza nhằm bảo vệ đồng minh Israel khỏi áp lực ngoại giao.', 'IMG-1629013841.jpg', '#ChienTranh', 2, 127, '2025-11-06 18:25:50', '2025-11-09 05:22:54');
INSERT INTO `posts` (`id`, `title`, `content`, `img`, `tags`, `category_id`, `author_id`, `created_at`, `updated_at`) VALUES
(14, 'Sự cố khiến phi hành gia Trung Quốc hoãn trở về Trái Đất', 'Ba phi hành gia Wang Jie, Chen Zhongrui và Chen Dong sẽ ở lại trạm Thiên Cung lâu hơn do khoang tàu để bay về Trái Đất của họ bị mảnh rác vũ trụ đâm trúng hôm 5/11.Theo Live Science, bộ ba phi hành gia Trung Quốc tạm thời mắc kẹt trong không gian do tàu vũ trụ chở họ quay về bị một vật thể nghi mảnh rác vũ trụ đâm vào vài giờ trước khi khởi hành. Các nhà chức trách đang tìm hiểu chính xác chuyện gì xảy ra, nhưng cho tới nay, chưa có thông tin về mức độ thiệt hại ở khoang tàu hoặc thời gian các phi hành gia sẽ bay về Trái Đất.Phi hành gia Wang Jie, Chen Zhongrui và Chen Dong thuộc phi hành đoàn Thần Châu 20 sống trên trạm vũ trụ Thiên Cung từ ngày 24/4 và theo lịch trình họ sẽ quay về Trái Đất hôm 5/11 sau khi bàn giao quyền quản lý cho các đồng nghiệp từ nhiệm vụ Thần Châu 21 đến trạm hôm 31/10. Tuy nhiên, hôm qua, đại diện của Cơ quan vũ trụ có người lái Trung Quốc (CMSA) thông báo tạm hoãn chuyến bay trở về của họ trong một bài đăng trên mạng Weibo. Lý do tạm hoãn là nghi ngờ khoang tàu chở phi hành đoàn bay về bị mảnh rác vũ trụ nhỏ va phải. CMSA đang tiến hành phân tích va chạm và đánh giá rủi ro để đảm bảo sức khỏe và an toàn của 6 phi hành gia trên trạm.Tàu vũ trụ bị hư hại nhiều khả năng vẫn đang ghép nối với trạm Thiên Cung từ sau khi chở phi hành đoàn Thần Châu 20 hồi tháng 4. Theo Ars Technica, con tàu bao gồm 3 khoang có thể tách rời, gồm module cung cấp điện và lực đẩy, khu sinh hoạt của phi hành đoàn và module bay về có dù hỗ trợ. Nếu bất kỳ khoang nào không an toàn, tàu có thể tách rời và bay về Trái Đất mà không chở phi hành gia. Trong trường hợp này, theo CNSA, phi hành đoàn Thần Châu 20 sẽ quay về Trái Đất trên khoang tàu Thần Châu 21.Trong suốt nhiệm vụ, chỉ huy phi hành đoàn Thần Châu 20 là Chen Dong phá vỡ kỷ lục đối với phi hành gia Trung Quốc ở nhiều ngày nhất trong vũ trụ với hơn 400 ngày trên quỹ đạo. Chuyến bay trở về bị trì hoãn sẽ giúp Dong kéo dài kỷ lục này. Tình huống của Dong tương tự phi hành gia NASA Frank Rubio, từng phá vỡ kỷ lục người Mỹ ở trong không gian lâu nhất (371 ngày) vào tháng 9/2023 sau khi module bay về của ông bị hư hỏng do va chạm với thiên thạch.Đây không phải lần đầu tiên trạm Thiên Cung va chạm với mảnh rác vũ trụ. Một trong các tấm pin quang điện của trạm từng bị mảnh rác vũ trụ đâm trúng năm 2023, gây mất điện một phần. Kết quả là các phi hành gia phải lắp thêm tấm chắn bên ngoài trạm trong những chuyến đi bộ không gian gần đây. Trạm ISS cũng bị thiệt hại do mảnh rác vũ trụ và thường xuyên phải điều chỉnh vị trí để né vật thể lớn. Một số bộ phận của trạm như cánh tay robot Canadarm2 từng bị hỏng do va chạm với mảnh rác nhỏ hơn trong vài năm qua.Lượng rác vũ trên quỹ đạo Trái Đất đang gia tăng nhanh chóng theo số lượng tàu vũ trụ quanh hành tinh. Nhiều chuyên gia lo ngại nếu xu hướng này tiếp diễn, con người có thể tiến đến mốc không thể vãn hồi, trong đó chuỗi va chạm dây chuyền sẽ khiến quỹ đạo thấp của Trái Đất không thể sử dụng được nữa.&nbsp;', 'IMG-337076831.jpg', '#KhongGian', 4, 127, '2025-11-06 18:35:32', '2025-11-09 05:22:54'),
(15, 'Tàu Trung Quốc chở phi hành gia trẻ nhất lên trạm Thiên Cung', 'Tàu Thần Châu 21 phóng từ sa mạc Gobi đang bay tới trạm Thiên Cung trên quỹ đạo Trái Đất, chở phi hành gia trẻ nhất của Trung Quốc và chuột thí nghiệm.Theo Space, tên lửa Trường Chinh 2F đưa tàu vũ trụ Thần Châu 21 cất cánh từ Trung tâm phóng vệ tinh Tửu Tuyền ở đông bắc Trung Quốc vào 23h44 ngày 31/10 giờ địa phương (22h44 cùng ngày giờ Hà Nội). Dự kiến tàu vũ trụ sẽ ghép nối với cổng trước của module lõi Thiên Hòa thuộc trạm vũ trụ Thiên Cung khoảng 3,5 giờ sau khi cất cánh, sử dụng chế độ gặp nhanh tự động giúp tiết kiệm 3 giờ so với nhiệm vụ Thần Châu 20.Tàu Thần Châu 21 chở chỉ huy Zhang Lu (48 tuổi) từng tham gia nhiệm vụ Thần Châu 15 năm 2022 cùng hai phi hành gia mới là Wu Fei và Zhang Hongzhang được chọn từ lứa phi hành gia thứ 3 của Trung Quốc tuyển năm 2020. Ở tuổi 32, Wu là thành viên trẻ nhất trong đội phi hành gia Trung Quốc, làm kỹ sư ở Học viện Công nghệ vũ trụ (CAST). Zhang (39 tuổi), chuyên gia hàng hóa trên tàu, là nhà nghiên cứu ở Viện Vật lý hóa học Đại Liên thuộc Viện hàn lâm Khoa học Trung Quốc (CAS). Zhang Lu và đồng nghiệp sẽ gặp gỡ chỉ huy Chen Dong của nhiệm vụ Thần Châu 20 và hai thành viên khác là Chen Zhongrui và Wang Jie trên trạm Thiên Cung. Chen Dong gần đây trở thành phi hành gia Trung Quốc đầu tiên trải qua 400 ngày trên quỹ đạo, nhưng ông và đồng nghiệp sẽ sớm rời khỏi trạm Thiên Cung để trở về Trái Đất vào ngày 3/11.Tàu Thần Châu 21 mang theo 6 mẫu loại mẫu vật thí nghiệm và 4 con chuột đen dành cho thí thử nghiệm sinh sản ở quỹ đạo thấp của Trái Đất. Theo lịch trình, tàu chở hàng tự động Thiên Châu 10 cũng sẽ bay đến trạm Thiên Cung trong thời gian hoạt động 6 tháng của nhiệm vụ Thần Châu 21.Tàu Thần Châu hơi lớn hơn một chút so với tàu chở phi hành gia Soyuz của Nga. Trung Quốc đang phát triển tàu vũ trụ chở người Mộng Châu không chỉ tái sử dụng một phần mà còn có khả năng đưa phi hành gia đến Mặt Trăng. Tính đến nay, Trung Quốc đã phóng 16 nhiệm vụ có người lái. Thần Châu 21 là chuyến bay thứ 10 chở phi hành gia lên trạm Thiên Cung và thứ 7 từ khi hoàn thành trạm cuối năm 2022.Mục tiêu của Trung Quốc là biến trạm Thiên Cung với kích thước bằng 20% Trạm Vũ trụ Quốc tế thành nơi có người ở thường xuyên trong ít nhất một thập kỷ. Nước này cũng dự định mở rộng trạm vũ trụ với các module mới và mở cửa cho hoạt động thương mại.', 'IMG-1711698036.jpg', '#KhongGian', 4, 127, '2025-11-06 18:36:40', '2025-11-09 05:22:54'),
(16, 'Phát hiện trạm BTS giả đựng trong vali du lịch', 'Trạm BTS giả đặt trong vali du lịch, được kẻ gian đưa tới gần các trung tâm thương mại và phát tán tin nhắn mạo danh ngân hàng để lừa đảo.Trong thông báo ngày 6/11, Cục Tần số vô tuyến điện - Bộ Khoa học và Công nghệ cho biết đã bắt quả tang người nước ngoài đang sử dụng thiết bị BTS giả mạo truy nhập vào mạng thông tin di động để gửi tin nhắn quảng cáo, lừa đảo.Theo Cục, điểm mới lần này là trạm BTS giả đựng trong vali du lịch. Kẻ gian cũng thiết lập thay đổi TAC (Tracking Area Code - mã vùng của BTS) liên tục, phạm vi phát sóng nhỏ. Chúng di chuyển đến khu vực đông người để tránh sự theo dõi, phát hiện của cơ quan chức năng.Việc bắt giữ được thực hiện ngày 3/11, sau khi Trung tâm Tần số vô tuyến điện khu vực I thuộc Cục nhận được thông tin về dấu hiệu bất thường.&#34;Trung tâm I đã phối hợp với các đơn vị nghiệp vụ thuộc Bộ Công an, Công an thành phố Hà Nội, sử dụng các trang thiết bị kỹ thuật nhanh chóng xác định nguồn phát sóng giả mạo&#34;, đại diện Cục Tần số cho biết.Thời gian qua, các đơn vị thuộc Cục Tần số liên tiếp bắt quả tang kẻ gian đang dùng BTS giả phát tán tin nhắn, trong đó có hàng loạt trường hợp bị bắt giữ tại TP HCM.Tại Hà Nội, từ cuối tháng 10, đầu tháng 11, nhiều người dân một số trung tâm thương mại như Tràng Tiền Plaza, Aeon Mall Hà Đông phản ánh gặp hiện tượng điện thoại bị chuyển từ sóng 5G xuống 2G, đồng thời nhận được tin nhắn định danh từ một ngân hàng với nội dung &#34;đủ điều kiện đổi điểm lấy iPhone&#34;. Khi truy cập, người dùng được dẫn đến trang web có giao diện giống hệt ứng dụng ngân hàng, đề nghị điền tên đăng nhập và mật khẩu để đổi thưởng.Theo các chuyên gia, nếu làm theo, người dùng có thể bị lộ thông tin tài khoản, thậm chí bị chiếm tài khoản, cài mã độc. Cơ quan chức năng khuyến cáo người dân cảnh giác, không truy cập vào đường link lạ gửi qua tin nhắn, không cung cấp thông tin cá nhân, mật khẩu, mã OTP cho bất kỳ ai.', 'IMG-1089858801.jpg', '#KhongGian', 4, 127, '2025-11-06 18:37:40', '2025-11-09 05:22:54'),
(17, 'CEO Microsoft: &#39;Nguy cơ chip AI chất trong kho vì thiếu điện&#39;', 'CEO Microsoft Satya Nadella cho biết vấn đề lớn nhất công ty đối mặt khi triển khai hạ tầng AI là không đủ nguồn điện để vận hành lượng lớn GPU đã mua.Trong cuộc phỏng vấn với Brad Gerstner, chủ kênh Bg2 Pod, tuần này, Nadella đã chia sẻ thẳng thắn về thách thức chung của ngành công nghiệp AI. Khi được hỏi có đồng ý với CEO Nvidia Jensen Huang rằng sẽ không xảy ra tình trạng dư thừa năng lực tính toán trong 2-3 năm tới không, ông khẳng định vấn đề cốt lõi không nằm ở việc thiếu chip.&#34;Vấn đề lớn nhất chúng tôi đang gặp phải không phải dư thừa năng lực tính toán, mà là điện năng, nói cách khác là không đủ khả năng xây dựng hạ tầng đủ nhanh ở gần nguồn điện. Nếu không làm được điều đó, sẽ có cả đống chip nằm trong kho mà chẳng thể cắm vào được&#34;, ông nói. &#34;Thực tế, đó là vấn đề của chúng tôi hiện nay. Không phải thiếu chip, mà là không có đủ trung tâm dữ liệu sẵn sàng để vận hành chúng&#34;.Làn sóng AI tạo sinh khiến hàng loạt công ty đổ xô xây dựng trung tâm dữ liệu (DC) - hệ thống đằng sau sức mạnh của các mô hình trí tuệ nhân tạo. Tuy nhiên, chúng cũng là những cỗ máy &#34;ngốn&#34; nhiều năng lượng so với mô hình nhà máy thông thường. McKinsey dự đoán trong giai đoạn 2025-2030, các công ty trên toàn cầu có thể chi tới 6,7 tỷ USD cho năng lực trung tâm dữ liệu mới để theo kịp áp lực của AI.Tình trạng này cũng đã gây ra những hệ quả tiêu cực ban đầu, như hóa đơn tiền điện của người tiêu dùng tại Mỹ tăng vọt, tác động tiêu cực đến người dân. Nhu cầu về sức mạnh AI ở nước này cũng đang &#34;va chạm&#34; với lưới điện vốn bị đánh giá yếu ớt. Đây cũng là điểm nghẽn nghiêm trọng mà Goldman Sachs cảnh báo có thể kìm hãm sự phát triển của trí tuệ nhân tạo. &#34;Nhu cầu điện năng vô độ của AI đang vượt quá chu kỳ phát triển kéo dài hàng thập kỷ của lưới điện tại Mỹ, tạo ra nút thắt cổ chai nghiêm trọng&#34;, Goldman Sachs nêu trong nghiên cứu hồi tháng 8.OpenAI thậm chí kêu gọi chính phủ liên bang đầu tư xây thêm 100 gigawatt công suất điện mỗi năm, coi đây là &#34;tài sản chiến lược&#34; trong cuộc đua giành ưu thế AI giữa Mỹ và Trung Quốc. Đề nghị này được đưa ra sau khi một số chuyên gia cho rằng Trung Quốc đang tiến xa nhờ đầu tư mạnh vào thủy điện và điện hạt nhân.&#34;Năng lượng - vấn đề khi vận hành trung tâm dữ liệu đào tạo AI - đã được giải quyết tại Trung Quốc. Chính phủ nước này đã đầu tư vào năng lượng bền vững, từ thủy điện tiên tiến đến điện hạt nhân thế hệ tiếp theo, giúp họ có nguồn cung an toàn và giá rẻ&#34;, Rui Ma, CEO công ty nghiên cứu AlphaWatch và nhà sáng lập công ty truyền thông Tech Buzz China, viết trên X vào tháng 9.&#34;Nếu không có sự thay đổi mạnh mẽ trong cách xây dựng và tài trợ cho cơ sở hạ tầng năng lượng, khoảng cách giữa Mỹ và Trung Quốc sẽ chỉ ngày càng nới rộng ngày một lớn hơn trong những năm tới&#34;, David Fishman, chuyên gia năng lượng Trung Quốc, nói với Fortune.', 'IMG-663137660.jpg', '#CongNghe', 4, 127, '2025-11-06 18:40:01', '2025-11-09 05:22:54'),
(18, 'Trợ lý HLV Công an Hà Nội bị đuổi trong trận thua ở Cup C2 châu Á', 'Trợ lý HLV Luis Viegas nhận thẻ đỏ trực tiếp, còn Công an Hà Nội thua Macarthur 1-2 ở lượt bốn bảng E AFC Champions League Two 2025-2026, chiều 6/11.* Ghi bàn: Grzan 20’, Caceres 75’ – Adou Minh 30’.Phút 74, Vitao ngã ở gần giữa sân sau va chạm với một cầu thủ Macarthur. Anh lập tức ôm bóng cho rằng bị phạm lỗi. Tuy nhiên, trọng tài chính cắt còi thổi lỗi dùng tay chơi bóng của tiền vệ Công an Hà Nội (CAHN).Ở ngoài sân, một số thành viên đội khách phản ứng mạnh. Trọng tài thứ tư thông báo lại sự việc, trước khi trọng tài chính Clifford Daypuyat rút thẻ đỏ trực tiếp cho trợ lý HLV Luis ViegasViegas, người Brazil, là chuyên gia phân tích kỹ thuật và trợ lý thân tín của HLV Mano Polking nhiều năm, từ Bangkok United, CLB TP HCM (nay là Công an TP HCM), đội tuyển Thái Lan đến CAHN. Tuy nhiên, ông là mẫu người nóng tính, nhiều lần phản ứng với trọng tài, đối phương và phải nhận thẻ phạt.Ở chung kết lượt đi AFF Cup 2022 (nay là ASEAN Cup) tại Việt Nam, vị trợ lý này có hành động không đẹp, rồi tranh cãi với ban tổ chức và phóng viên ở khu vực họp báo. Ở V-League, ông từng núp sau cabin khu kỹ thuật, hoặc chạy vào phòng thay đồ để tránh bị trọng tài phạt thẻ. Trong hai mùa gần nhất, Viegas đã nhận một thẻ đỏ trực tiếp, sáu thẻ vàng, cùng một án phạt nguội cấm chỉ đạo.Ngay sau tình huống Viegas bị đuổi, CAHN nhận bàn thua từ chính quả phạt. Đội trưởng Luke Brittan treo bóng vào vòng cấm nhưng bị phá ra. Ở tuyến hai, cầu thủ vào sân thay người Anthony Caceres vô-lê chân phải đưa bóng đập chân Stefan Mauk đổi hướng vào góc phải. Thủ môn Nguyễn Filip lỡ trớn chịu bàn thua ấn định tỷ số 1-2.Trận đấu trên sân Campbelltown là cuộc tái ngộ giữa hai đội, sau khi hòa 1-1 trên sân Hàng Đẫy hôm 23/10. Đại diện Việt Nam tiếp tục chơi lấn lướt, nhưng Macarthur cho thấy sức phản kháng tốt nhờ thể hình, thể lực và lợi thế quen sân.Phút 20, Luke Vickery vượt qua Vitao rồi dốc xuống đáy biên bên phải để căng ngang. Sime Grzan thoát khỏi sự kèm cặp của Adou Minh Leygley, đệm cận thành mở tỷ số. 10 phút sau, CAHN có bàn gỡ. Từ pha bóng bổng gây ra lộn xộn trong vòng cấm chủ nhà, Adou Minh đệm chân phải đưa bóng đi lập bập vào góc thấp phải thành bàn.Tuy nhiên, đội khách tổn thất lực lượng ở phút 43. Tiền đạo trụ cột Alan Sebastiao chấn thương sau một va chạm, và phải rời sân nhường chỗ cho Nguyễn Đình Bắc. Trước đó, CAHN đã vắng một chân sút quan trọng khác là Leo Artur trong ba trận gần nhất vì lý do tương tự.Hiệp một còn chứng kiến những sai lầm khiến đôi bên cùng thót tim. Phút 33, Nguyễn Filip chuyền lỗi để Sime Grzan cướp được và dứt điểm, nhưng thủ môn sinh năm 1992 kịp băng ra khép góc sửa sai. Phút 44, đến lượt hậu vệ Macarthur chuyền lỗi giúp Rogerio Alves bứt tốc vào vòng cấm, nhưng thủ môn Filip Kurto đổ người ngăn chặn kịp thời.Sang hiệp hai, CAHN chơi tốt hơn hiệp một, ban bật bóng ngắn và nhanh để tạo áp lực lớn lên khung thành đối phương. Tuy nhiên, họ thiếu đi sự quyết đoán ở đường chuyền cuối hay dứt điểm. Cơ hội đáng tiếc nhất ở phút 84 khi Alves cứa lòng chân phải sát vòng cấm đưa bóng dội cột phải.&nbsp;MacarthurĐộiCông an Hà Nội42%Kiểm soát bóng58%5 (4)Dứt điểm (trúng đích)14 (1)331 (76%)Chuyền (chính xác)479 (83%)5Phạt góc415Phạm lỗi93 (0)Thẻ vàng (đỏ)3 (1)Trước đó hai phút, HLV Mano Polking tất tay khi tung Leo Artur, chưa đạt thể trạng tốt nhất, vào sân. Tuy nhiên, khâu trao đổi giữa thành viên ban huấn luyện và trọng tài bàn không tốt dẫn đến nhầm lẫn. Trọng tài giơ bảng hiện số người rời sân là Trần Đình Trọng, nhưng thực tế phải là Adou Minh. Leo Artur vội vàng vào sân khi chưa có tín hiệu từ trọng tài nên phải nhận thẻ vàng.Tâm lý các cầu thủ khách càng thêm căng thẳng khi Macarthur chơi quyết liệt, rồi sẵn sàng khiêu khích dẫn đến va chạm, như với Stefan Mauk ở phút 78. Hiệp hai có thêm sáu phút bù nhưng không có thêm bàn được ghi.Đây là trận thua đầu tiên của CAHN ở AFC Champions League Two mùa này. Đội cũng bị ngắt mạch 23 trận bất bại, trong đó có 19 chiến thắng. Trận thua gần nhất với tỷ số 0-2 là từ ngày 26/5, trước Hà Nội FC ở vòng 22 V-League 2024-2025.CAHN đang đứng nhì bảng E với năm điểm, kém Macarthur hai điểm. Trận còn lại của bảng sẽ diễn ra lúc 19h15, khi CLB Trung Quốc Bắc Kinh Quốc An tiếp CLB Hong Kong Taipo. Bắc Kinh đang xếp cuối bảng với hai điểm, kém Taipo hai điểm.Vòng bảng AFC Champions League Two còn hai lượt trận. Hai đội dẫn đầu sẽ giành vé vào vòng 1/8.&nbsp;', 'IMG-233619603.jpg', '#Bongda', 8, 127, '2025-11-06 18:45:23', '2025-11-09 05:22:54'),
(19, 'Bao Phương Vinh bị loại khỏi World Cup vì thua 0,01 điểm', 'Hàn QuốcCơ thủ Bao Phương Vinh dừng bước từ vòng loại cuối World Cup Billiards 3C chặng Gwangju vì thua 0,01 điểm hiệu suất AVG.Vòng loại cuối diễn ra hôm nay với 12 bảng đấu. 12 tay cơ đứng đầu và 3 cơ thủ nhì bảng có thành tích tốt nhất sẽ giành vé đi tiếp vào vòng chính (vòng 32 cơ thủ).7 cơ thủ Việt Nam thi đấu vòng này gồm Nguyễn Hoàn Tất, Nguyễn Chí Long, Lê Thành Tiến, Bao Phương Vinh, Chiêm Hồng Thái, Nguyễn Trần Thanh Tự và Đào Văn Ly.Bảng A là cuộc đụng độ giữa ba cơ thủ đồng hương Phương Vinh, Thành Tiến và Hoàn Tất. Trận đầu, Thành Tiến thắng Hoàn Tất 40-34 sau 28 lượt cơ. Ở trận thứ hai, Phương Vinh thua Hoàn Tất 33-40 sau 33 lượt.Tình thế đó buộc Phương Vinh phải thắng Thành Tiến trong trận cuối. Dù liên tục bị dẫn trước trong phần lớn thời gian, Phương Vinh thể hiện bản lĩnh để thắng ngược 40-30 sau 20 lượt.Do mỗi cơ thủ đều thắng một thua một, thứ bậc được quyết định theo điểm hiệu suất (AVG). Thành Tự xếp đầu bảng với AVG 1,458 để giành vé vào đi tiếp. Phương Vinh xếp thứ hai với AVG 1,403 còn Hoàn Tất cuối bảng với AVG 1,233. AVG là tổng số điểm ghi được/tổng số lượt cơ.Không thể giành vé trực tiếp, Phương Vinh phải so với 12 cơ thủ nhì bảng để chờ cơ hội giành ba vé vớt. Nhưng cơ thủ Việt Nam chỉ xếp thứ tư khi thua người thứ ba là Jimenez (Tây Ban Nha) 0,01 điểm AVG (1,416 so với 1,403). Do đó, cơ thủ Việt Nam phải sớm dừng cuộc chơi.Trên trang cá nhân, Phương Vinh thừa nhận không đạt phong độ ổn định tại chặng Gwangju này và tiếc nuối khi bị loại vì điểm AVG. &#34;Thể thao có lúc thắng, lúc thua, có điểm rơi phong độ và đôi khi cả may mắn hỗ trợ. Nhưng tôi sẽ không nản chí vì kết quả này&#34;, anh viết thêm. Tay cơ người TP HCM cũng kêu gọi người hâm mộ tiếp tục dõi theo, ủng hộ các cơ thủ Việt Nam đi tiếp tại giải.Các cơ thủ Việt Nam còn lại đều thi đấu thành công để vào vòng chính gồm Thanh Tự, Văn Ly, Chí Long, Thành Tự, Hồng Thái. Ngoài ra, Việt Nam còn có hai cơ thủ Quyết Chiến và Thanh Lực được đặc cách vào vòng chính, do nằm trong top 14 trên bảng thứ tự của hệ thống Liên đoàn Billiards carom thế giới (UMB).Các trận vòng 32 diễn ra ngày mai 7/11, bắt đầu lúc 9h30 giờ Hà Nội.', 'IMG-1193313583.jpg', '#TheThao', 8, 127, '2025-11-06 18:46:33', '2025-11-09 05:22:54'),
(20, 'Nguyễn Xuân Son tái xuất tuyển Việt Nam sau 10 tháng', 'Tiền đạo nhập tịch gốc Brazil Nguyễn Xuân Son được triệu tập lên đội tuyển Việt Nam, để chuẩn bị cho trận gặp Lào tại vòng loại cuối Asian Cup 2027.Xuân Son vắng mặt ở đội tuyển từ ngày 5/1, sau khi gãy cả xương chày và xương mác chân phải ở lượt về chung kết ASEAN Cup 2024 tại Thái Lan.Sau khoảng 10 tháng trị thương, đến ngày 11/10 tiền đạo sinh năm 1997 mới lần đầu trở lại thi đấu, ở những phút cuối trận Nam Định đấu tập thắng đội hạng Nhất Trẻ PVF-CAND. Trong giai đoạn bình phục chấn thương kiểu này, các cầu thủ thường được tung vào sân ở những phút cuối, với thời gian ngắn khoảng 10 đến 15 phút rồi tăng dần cho đến khi có thể đá trọn vẹn cả trận.Do chấn thương, Son không được Nam Định đăng ký cho lượt đi V-League 2025-2026, dù có cơ hội thi đấu ở chặng cuối của giai đoạn này. HLV Vũ Hồng Việt từng cho biết không muốn đặt áp lực thời gian cho tiền đạo gốc Brazil, mà muốn anh hồi phục hoàn toàn. Nếu không gặp biến số nào lớn, Son có thể thi đấu chính thức vào đầu năm 2026, khi V-League vào giai đoạn lượt về.Xuân Son tên gốc Brazil là Rafaelson, nhận quốc tịch Việt Nam vào tháng 9/2024. Anh trở thành cầu thủ nhập tịch không có gốc gác Việt Nam đầu tiên được gọi lên ĐTQG kể từ năm 2009. Trong hành trình vô địch ASEAN Cup 2024, Son góp công lớn với bảy bàn, giành danh hiệu Vua phá lưới và Cầu thủ hay nhất giải.Ngoài Son, danh sách đợt này còn có hai gương mặt mới là trung vệ Khổng Minh Gia Bảo (Công an TP HCM) và tiền đạo Nguyễn Trần Việt Cường (CLB Becamex TP HCM). Cả hai cùng sinh năm 2000.Gia Bảo được ban huấn luyện đánh giá cao ở khả năng phòng ngự, thể lực và đá tốt bằng hai chân. Anh trưởng thành từ CLB Công an Nhân dân (nay là PVF-CAND), sau đó khoác áo Ninh Bình trước khi gia nhập CLB Quảng Nam. Đến tháng 8/2025, trung vệ này sang CA TP HCM và thường xuyên đá chính. Gia Bảo từng khoác áo U20 Việt Nam và được đánh giá là một trong những hậu vệ có phong độ tốt lúc này.Việt Cường là sản phẩm của lò đào tạo Bình Dương (nay là TP HCM). Anh có tốc độ, kỹ thuật và khả năng dứt điểm tốt. Việt Cường là trụ cột của CLB mùa này và đã ghi hai bàn ở V-League. Trước khi lên ĐTQG, anh từng khoác áo U16 và U23 Việt Nam.Đợt tập trung này diễn ra trùng với giai đoạn hội quân trọng điểm của đội tuyển U22 chuẩn bị cho SEA Games 33. Vì vậy, ĐTQG vắng một số cầu thủ quen mặt, như thủ môn Trần Trung Kiên, tiền vệ Khuất Văn Khang, tiền đạo Nguyễn Đình Bắc.Đội tuyển tập trung từ ngày 10/11 tại Hà Nội, rồi lên Phú Thọ tập đến 14/11. Một ngày sau, đội sang Lào, chuẩn bị cho trận đấu ở lượt năm bảng F vòng loại cuối Asian Cup 2027 vào ngày 18/11.Việt Nam đang đứng nhì bảng với 9 điểm, kém đầu bảng Malaysia ba điểm. Trong khi đó, Lào và Nepal đã hết cơ hội.Theo quy định, mỗi bảng chỉ lấy một đội đầu bảng. Hiện, Malaysia bị FIFA phạt nặng vì làm giả hồ sơ, dẫn đến 7 cầu thủ được cho mang dòng máu lai bị cấm tham gia hoạt động bóng đá 12 tháng. Họ vì thế đang đối mặt khả năng bị xử thua 0-3 hai trận đầu vòng loại cuối, do sử dụng cầu thủ không đủ tư cách ở trận thắng Nepal 2-0 và Việt Nam 4-0. Tuy nhiên, khi LĐBĐ châu Á (AFC) – ban tổ chức vòng loại cuối Asian Cup 2027 – chưa đưa ra quyết định, Việt Nam vẫn cần tập trung đánh bại Lào, trước khi quyết đấu Malaysia vào ngày 31/3/2026.Danh sách đội tuyển bóng đá Việt NamThủ môn (3): Đặng Văn Lâm (Ninh Bình), Nguyễn Văn Việt (Thể Công), Nguyễn Đình Triệu (Hải Phòng)Hậu vệ (8): Đỗ Duy Mạnh, Nguyễn Thành Chung (Hà Nội FC), Nguyễn Văn Vĩ (Nam Định), Cao Quang Vinh Pendant (CAHN), Phan Tuấn Tài, Bùi Tiến Dũng, Trương Tiến Anh (Thể Công), Khổng Minh Gia Bảo (Công an TP HCM)Tiền vệ (7): Nguyễn Hai Long, Phạm Xuân Mạnh (Hà Nội FC), Nguyễn Quang Hải, Lê Phạm Thành Long, Lê Văn Đô (CAHN), Trần Bảo Toàn, Nguyễn Hoàng Đức (Ninh Bình)Tiền đạo (5): Nguyễn Xuân Son (Nam Định), Phạm Tuấn Hải (Hà Nội FC), Nguyễn Tiến Linh (Công an TP HCM), Phạm Gia Hưng (Ninh Bình), Nguyễn Trần Việt Cường (CLB TP HCM).', 'IMG-972390598.jpg', '#TheThao', 8, 127, '2025-11-06 18:47:59', '2025-11-09 05:22:54');

-- --------------------------------------------------------

--
-- Cấu trúc bảng cho bảng `pwdreset`
--

CREATE TABLE `pwdreset` (
  `pwdResetId` int(11) NOT NULL,
  `pwdResetEmail` text NOT NULL,
  `pwdResetSelector` text NOT NULL,
  `pwdResetToken` longtext NOT NULL,
  `pwdResetExpires` text NOT NULL
) ENGINE=InnoDB DEFAULT CHARSET=utf8 COLLATE=utf8_general_ci;

-- --------------------------------------------------------

--
-- Cấu trúc bảng cho bảng `sliders`
--

CREATE TABLE `sliders` (
  `id` int(11) NOT NULL,
  `title` varchar(255) NOT NULL,
  `content` text NOT NULL,
  `img` varchar(255) NOT NULL,
  `created_at` varchar(255) NOT NULL,
  `updated_at` varchar(255) NOT NULL
) ENGINE=InnoDB DEFAULT CHARSET=utf8 COLLATE=utf8_general_ci;

--
-- Đang đổ dữ liệu cho bảng `sliders`
--

INSERT INTO `sliders` (`id`, `title`, `content`, `img`, `created_at`, `updated_at`) VALUES
(17, 'Tin tức', 'Cập nhật liên tục', 'IMG-836367079.jpg', '', ''),
(18, 'Thông tin', 'Đa dạng, nhanh chóng', 'IMG-1372144661.jpg', '', ''),
(19, 'Chủ đề ', 'Xoay quanh cuộc sống, mọi lĩnh vực, ngành nghề', 'IMG-1372144663.jpg', '', '');

-- --------------------------------------------------------

--
-- Cấu trúc bảng cho bảng `users`
--

CREATE TABLE `users` (
  `id` int(11) NOT NULL,
  `fullname` varchar(255) NOT NULL,
  `email` varchar(255) NOT NULL,
  `password` varchar(255) NOT NULL,
  `profile_img` varchar(255) DEFAULT NULL,
  `gender` tinyint(1) NOT NULL,
  `country` varchar(255) NOT NULL,
  `status` tinyint(4) NOT NULL DEFAULT 0,
  `group_id` tinyint(4) NOT NULL DEFAULT 0 COMMENT '0 for normal users,\r\n1 for admins',
  `created_at` datetime NOT NULL,
  `updated_at` datetime NOT NULL
) ENGINE=InnoDB DEFAULT CHARSET=utf8 COLLATE=utf8_general_ci;

--
-- Đang đổ dữ liệu cho bảng `users`
--

INSERT INTO `users` (`id`, `fullname`, `email`, `password`, `profile_img`, `gender`, `country`, `status`, `group_id`, `created_at`, `updated_at`) VALUES
(115, 'hxl', 'hxl@gmail.com', '$2y$10$zdFe9fMHoq90hG2JSOhItOV1Mz0S2Yv7IVlHkdAuM8FbG0ZD5y3Im', 'IMG-81826267.png', 0, 'VN', 1, 1, '2025-10-23 21:40:16', '2025-10-27 16:54:04'),
(119, 'user', 'user@gmail.com', '$2y$10$qvQID0Ooo8Oonx6LKq4bweq1XfLsRptqzDeKQgQvv9emAbs3bIlva', '', 0, 'VN', 1, 0, '2025-10-23 03:34:28', '0000-00-00 00:00:00'),
(124, 'user11', 'user1@gmail.com', '$2y$10$mlYzwHyW09YntMYlZKZOZemmIQ..raVijPuvPeIy4NUrmTtyYQmka', 'IMG-1165450219.png', 0, 'VN', 1, 0, '2025-10-23 05:32:20', '2025-11-07 10:05:21'),
(125, 'user2', 'user2@gmail.com', '$2y$10$ZW4vlZZCN06s8patrYsrJOMZBfYWXUb980U6nEL.HqhJoOVqk26w.', 'asdf', 0, 'VN', 0, 0, '2025-10-23 05:32:28', '2025-10-23 05:32:28'),
(126, 'user3', 'user3@gmail.com', '$2y$10$GkTQrED0y0Gt1m0wX/yt3.oSBEiOTXsrpkGXerFN62NvOonqW004W', '', 0, 'VN', 1, 0, '2025-10-23 21:48:16', '2025-10-23 21:48:16'),
(127, 'admin1', 'admin1@gmail.com', '$2y$10$xYB.5hrfvg.zfAwcfP/uCuBlWDso6jOYlSVhm1mj88Xrb9ReVQugK', 'IMG-81826268.png', 0, 'VN', 1, 1, '2025-10-23 21:48:55', '0000-00-00 00:00:00'),
(128, 'abc', 'abc@gmail.com', '$2y$10$3xiniLnUMM/V3rr1oivjsugxrT.VX4eQFMLRAw2UIy/7xB6Ld7qCW', 'C:/xampp/htdocs/Blog-with-mvc-system-master/admin/public/img/post/88441703IMG-81826267.png', 0, 'VN', 1, 0, '2025-10-24 11:41:25', '2025-10-24 11:46:08'),
(129, 'user12', 'user12@gmail.com', '$2y$10$bC1fKrUQku3DGnZJ.CAGqOthzeGDqMOsLSWbH.qrDoGnorlGoVlhC', 'IMG-806325701.png', 0, 'VN', 0, 0, '2025-11-07 09:11:22', '0000-00-00 00:00:00');

--
-- Chỉ mục cho các bảng đã đổ
--

--
-- Chỉ mục cho bảng `categories`
--
ALTER TABLE `categories`
  ADD PRIMARY KEY (`id`);

--
-- Chỉ mục cho bảng `comments`
--
ALTER TABLE `comments`
  ADD PRIMARY KEY (`id`),
  ADD KEY `author_id` (`user_id`),
  ADD KEY `post_id` (`post_id`);

--
-- Chỉ mục cho bảng `contact`
--
ALTER TABLE `contact`
  ADD PRIMARY KEY (`id`);

--
-- Chỉ mục cho bảng `logo`
--
ALTER TABLE `logo`
  ADD PRIMARY KEY (`id`);

--
-- Chỉ mục cho bảng `our_media`
--
ALTER TABLE `our_media`
  ADD PRIMARY KEY (`id`);

--
-- Chỉ mục cho bảng `posts`
--
ALTER TABLE `posts`
  ADD PRIMARY KEY (`id`),
  ADD KEY `author_id` (`author_id`),
  ADD KEY `category_id` (`category_id`);

--
-- Chỉ mục cho bảng `pwdreset`
--
ALTER TABLE `pwdreset`
  ADD PRIMARY KEY (`pwdResetId`);

--
-- Chỉ mục cho bảng `sliders`
--
ALTER TABLE `sliders`
  ADD PRIMARY KEY (`id`);

--
-- Chỉ mục cho bảng `users`
--
ALTER TABLE `users`
  ADD PRIMARY KEY (`id`);

--
-- AUTO_INCREMENT cho các bảng đã đổ
--

--
-- AUTO_INCREMENT cho bảng `categories`
--
ALTER TABLE `categories`
  MODIFY `id` int(11) NOT NULL AUTO_INCREMENT, AUTO_INCREMENT=16;

--
-- AUTO_INCREMENT cho bảng `comments`
--
ALTER TABLE `comments`
  MODIFY `id` int(11) NOT NULL AUTO_INCREMENT, AUTO_INCREMENT=96;

--
-- AUTO_INCREMENT cho bảng `contact`
--
ALTER TABLE `contact`
  MODIFY `id` int(11) NOT NULL AUTO_INCREMENT, AUTO_INCREMENT=31;

--
-- AUTO_INCREMENT cho bảng `logo`
--
ALTER TABLE `logo`
  MODIFY `id` int(11) NOT NULL AUTO_INCREMENT, AUTO_INCREMENT=10;

--
-- AUTO_INCREMENT cho bảng `our_media`
--
ALTER TABLE `our_media`
  MODIFY `id` int(11) NOT NULL AUTO_INCREMENT, AUTO_INCREMENT=18;

--
-- AUTO_INCREMENT cho bảng `posts`
--
ALTER TABLE `posts`
  MODIFY `id` int(11) NOT NULL AUTO_INCREMENT, AUTO_INCREMENT=21;

--
-- AUTO_INCREMENT cho bảng `pwdreset`
--
ALTER TABLE `pwdreset`
  MODIFY `pwdResetId` int(11) NOT NULL AUTO_INCREMENT, AUTO_INCREMENT=126;

--
-- AUTO_INCREMENT cho bảng `sliders`
--
ALTER TABLE `sliders`
  MODIFY `id` int(11) NOT NULL AUTO_INCREMENT, AUTO_INCREMENT=20;

--
-- AUTO_INCREMENT cho bảng `users`
--
ALTER TABLE `users`
  MODIFY `id` int(11) NOT NULL AUTO_INCREMENT, AUTO_INCREMENT=130;

--
-- Các ràng buộc cho các bảng đã đổ
--

--
-- Các ràng buộc cho bảng `comments`
--
ALTER TABLE `comments`
  ADD CONSTRAINT `comments_ibfk_1` FOREIGN KEY (`user_id`) REFERENCES `users` (`id`) ON DELETE CASCADE ON UPDATE CASCADE,
  ADD CONSTRAINT `comments_ibfk_2` FOREIGN KEY (`post_id`) REFERENCES `posts` (`id`) ON DELETE CASCADE ON UPDATE CASCADE;

--
-- Các ràng buộc cho bảng `posts`
--
ALTER TABLE `posts`
  ADD CONSTRAINT `posts_ibfk_1` FOREIGN KEY (`category_id`) REFERENCES `categories` (`id`) ON DELETE CASCADE ON UPDATE CASCADE,
  ADD CONSTRAINT `posts_ibfk_2` FOREIGN KEY (`author_id`) REFERENCES `users` (`id`) ON DELETE CASCADE ON UPDATE CASCADE;
COMMIT;

/*!40101 SET CHARACTER_SET_CLIENT=@OLD_CHARACTER_SET_CLIENT */;
/*!40101 SET CHARACTER_SET_RESULTS=@OLD_CHARACTER_SET_RESULTS */;
/*!40101 SET COLLATION_CONNECTION=@OLD_COLLATION_CONNECTION */;
